caso_idx,modulo,hu_group_pm70418,codigo_hu,codigo_caso,caso_prueba,resultado,prioridad,criticidad,fecha_dev_inicio,fecha_dev_fin,duracion_dias,hu_group_inicio,hu_group_fin,pos_entre_peers,peers_mismo_hu
724,Registro Información,27 Casos Registro Información,,RI_0_1,Los atributos de los campos son los definidos en el documento de Análisis y Dise,OK,,,2026-10-02,2026-11-18,48,2026-10-02,2026-11-19,1,1
725,Registro Información,27 Casos Registro Información,,RI_0_2,Las Validaciones y alertas son las definidas en el documento de Análisis y Diseñ,OK,,,2026-10-02,2026-11-18,48,2026-10-02,2026-11-19,1,1
726,Registro Información,27 Casos Registro Información,,RI_0_3,Los perfiles pueden acceder a las pantallas y funcionalidades definidas en el do,OK,,BAJA,2026-10-02,2026-11-18,48,2026-10-02,2026-11-19,1,1
727,Registro Información,27 Casos Registro Información,,RI_0_4_1,La vista T_PPAL está actualizada con los campos nuevos y eliminados,OK,,,2026-10-02,2026-11-18,48,2026-10-02,2026-11-19,1,1
728,Registro Información,27 Casos Registro Información,,RI_0_4_2,La vista T_Usuarios está actualizada con los campos nuevos,OK,,,2026-10-02,2026-11-18,48,2026-10-02,2026-11-19,1,1
729,Registro Información,27 Casos Registro Información,,RI_0_5,El aplicativo debe autoajustarse al tamaño de la ventana,OK,,,2026-10-02,2026-11-18,48,2026-10-02,2026-11-19,1,1
730,Registro Información,27 Casos Registro Información,,RI_0_6,"Los Mantenedores permiten ingresar/editar/eliminar nuevas opciones, sin duplicar",OK,,,2026-10-02,2026-11-18,48,2026-10-02,2026-11-19,1,1
731,Registro Información,27 Casos Registro Información,,RI_0_7,Los campos deben de quedar bloqueados para todos los usuarios al enviar a revisi,OK,,,2026-10-02,2026-11-18,48,2026-10-02,2026-11-19,1,1
732,Registro Información,27 Casos Registro Información,,RI_0_8,"El revisor debe poder enviar a reparar los formularios, esto hace que los perfil",OK,,,2026-10-02,2026-11-18,48,2026-10-02,2026-11-19,1,1
774,Registro Información,27 Casos Registro Información,RI_10,RI_10_1,"Al abrir la pestaña Materialidad, se cargan las topologías ingresadas con anteri",OK,,,2026-10-02,2026-10-09,8,2026-10-02,2026-11-19,1,6
780,Registro Información,27 Casos Registro Información,RI_11,RI_11-12_1,La funcionalidad muestra la última exposición ingresada junto con su familia de ,OK,,,2026-10-02,2026-10-09,8,2026-10-02,2026-11-19,1,6
786,Registro Información,27 Casos Registro Información,RI_13,RI_13-15-16-17_1,Al ingresar a la pantalla se cargan los datos que han sido guardados con anterio,OK,,,2026-10-02,2026-10-13,12,2026-10-02,2026-11-19,1,4
790,Registro Información,27 Casos Registro Información,RI_14,RI_14_1,"El mantenedor debe permitir Agregar, Modificar y Eliminar lógicamente los Tipos ",OK,,,2026-10-02,2026-11-18,48,2026-10-02,2026-11-19,1,1
791,Registro Información,27 Casos Registro Información,RI_18,RI_18,"Confirmar cambio de nombre, correcta redacción y ubicación en pantalla",OK,,,2026-10-02,2026-11-18,48,2026-10-02,2026-11-19,1,1
792,Registro Información,27 Casos Registro Información,RI_19,RI_19-20-21-23-24_1,Al ingresar a la pantalla se cargan todas las relaciones que han sido guardadas ,OK,,,2026-10-02,2026-10-04,3,2026-10-02,2026-11-19,1,13
733,Registro Información,27 Casos Registro Información,RI_1,RI_1_1,El contador de días se visualiza sólo para las etapas activas de un modelo activ,POSTERGADA A GARANTÍA,,,2026-10-02,2026-10-09,8,2026-10-02,2026-11-19,1,6
805,Registro Información,27 Casos Registro Información,RI_22,RI_22_1,"El mantenedor debe permitir Agregar, Modificar y Eliminar lógicamente los Tipos ",OK,,,2026-10-02,2026-11-18,48,2026-10-02,2026-11-19,1,1
806,Registro Información,27 Casos Registro Información,RI_25,RI_25-26-27-28-29_1,"La nueva vista debe consolidar información de desarrollo y validación, diferenci",OK,,,2026-10-02,2026-10-05,4,2026-10-02,2026-11-19,1,10
739,Registro Información,27 Casos Registro Información,RI_2,RI_2_1,El reporte se envía sólo a la nómina de destinatarios definidos en la tabla DEST,OK,,,2026-10-02,2026-10-09,8,2026-10-02,2026-11-19,1,6
816,Registro Información,27 Casos Registro Información,RI_30,RI_30_1,"Confirmar cambio de nombre, correcta redacción y ubicación en pantalla",OK,,,2026-10-02,2026-11-18,48,2026-10-02,2026-11-19,1,1
817,Registro Información,27 Casos Registro Información,RI_31,RI_31_1,Confirmar eliminación de sección de gobierno,OK,,,2026-10-02,2026-10-25,24,2026-10-02,2026-11-19,1,2
819,Registro Información,27 Casos Registro Información,RI_32,RI_32-33-34-35-36_1,"Confirmar cambio de nombre, correcta redacción y ubicación en pantalla del Títul",OK,,,2026-10-02,2026-10-10,9,2026-10-02,2026-11-19,1,5
824,Registro Información,27 Casos Registro Información,RI_37,RI_37_1,Al ingresar a la pantalla se cargan todas las topologías que han sido guardadas ,OK,,,2026-10-02,2026-10-10,9,2026-10-02,2026-11-19,1,5
829,Registro Información,27 Casos Registro Información,RI_38,RI_38_1,"El campo ""Responsable de la Base de Exposición"", permite la búsqueda por medio d",OK,,,2026-10-02,2026-10-25,24,2026-10-02,2026-11-19,1,2
831,Registro Información,27 Casos Registro Información,RI_39,RI_39-40_1,"El campo ""Responsable de Explotación"", permite la búsqueda por medio de la funci",OK,,,2026-10-02,2026-10-10,9,2026-10-02,2026-11-19,1,5
745,Registro Información,27 Casos Registro Información,RI_3,RI_3_1,Los modelos activos pueden tener a lo menos 1 etapa activa,POSTERGADA A GARANTÍA,,,2026-10-02,2026-10-25,24,2026-10-02,2026-11-19,1,2
836,Registro Información,27 Casos Registro Información,RI_41,RI_41_1,"El mantenedor debe permitir Agregar, Modificar y Eliminar lógicamente la lista d",OK,,,2026-10-02,2026-11-18,48,2026-10-02,2026-11-19,1,1
837,Registro Información,27 Casos Registro Información,RI_42,RI_42-43-44-45_1,Al ingresar a la pantalla se cargan todas las relaciones que han sido guardadas ,OK,,,2026-10-02,2026-10-05,4,2026-10-02,2026-11-19,1,10
847,Registro Información,27 Casos Registro Información,RI_46,RI_46-47_1,Al ingresar a la plantalla se cargan todas las integraciones de gestión que han ,OK,,,2026-10-02,2026-10-07,6,2026-10-02,2026-11-19,1,8
855,Registro Información,27 Casos Registro Información,RI_48,RI_48_1,Confirmar la redirección al formulario de gobierno,OK,,,2026-10-02,2026-11-18,48,2026-10-02,2026-11-19,1,1
856,Registro Información,27 Casos Registro Información,RI_49,RI_49_1,Al ingresar a la pantalla se cargan todas las instancias y el tipo de instancia ,POSTERGADA A GARANTÍA,,,2026-10-02,2026-10-17,16,2026-10-02,2026-11-19,1,3
747,Registro Información,27 Casos Registro Información,RI_4,RI_4_1,Una o todas las etapas pueden ser reactivadas,POSTERGADA A GARANTÍA,,,2026-10-02,2026-10-07,6,2026-10-02,2026-11-19,1,7
859,Registro Información,27 Casos Registro Información,RI_50,RI_50_1,"El Formulario ""En Uso"" sólo se puede visualizar cuando la etapa esté activa",OK,,,2026-10-02,2026-11-18,48,2026-10-02,2026-11-19,1,1
860,Registro Información,27 Casos Registro Información,RI_51,RI_51_1,"Al ingresar a la pantalla, se cargan todos los responsables que han sido guardad",OK,,,2026-10-02,2026-10-09,8,2026-10-02,2026-11-19,1,6
866,Registro Información,27 Casos Registro Información,RI_52,RI_52_1,Al ingresar a la pantalla se cargan todos los usos que hayan sido guardados con ,OK,,,2026-10-02,2026-10-06,5,2026-10-02,2026-11-19,1,9
875,Registro Información,27 Casos Registro Información,RI_53,RI_53_1,Al ingresar a la pantalla se cargan todos los reportes que hayan sido guardados ,OK,,,2026-10-02,2026-10-07,6,2026-10-02,2026-11-19,1,7
882,Registro Información,27 Casos Registro Información,RI_54,RI_54_1,"El mantenedor debe permitir Agregar, Modificar y Eliminar lógicamente la lista d",OK,,,2026-10-02,2026-11-18,48,2026-10-02,2026-11-19,1,1
883,Registro Información,27 Casos Registro Información,RI_55,RI_55-56-57-58-59_1,Al ingresar a la pantalla se cargan todas las relaciones que han sido guardadas ,OK,,,2026-10-02,2026-10-05,4,2026-10-02,2026-11-19,1,10
754,Registro Información,27 Casos Registro Información,RI_5,RI_5_1,"Confirmar cambio de nombre, correcta redacción y ubicación en pantalla",OK,,,2026-10-02,2026-11-18,48,2026-10-02,2026-11-19,1,1
893,Registro Información,27 Casos Registro Información,RI_60,RI_60_1,"Si se completó la fecha de ""Entrada en uso"" en etapa de Gobierno o en etapa En U",N/A,,,2026-10-02,2026-10-17,16,2026-10-02,2026-11-19,1,3
896,Registro Información,27 Casos Registro Información,RI_61,RI_61_1,"Modelo se puede caducar desde etapa ""En Uso"" sin que haya pasado por etapa de ""G",OK,,,2026-10-02,2026-10-25,24,2026-10-02,2026-11-19,1,2
898,Registro Información,27 Casos Registro Información,RI_62,RI_62_1,La pantalla no muestra mensajes de alerta en caso que las observaciones vigentes,OK,,,2026-10-02,2026-10-25,24,2026-10-02,2026-11-19,1,2
900,Registro Información,27 Casos Registro Información,RI_63,RI_63-64-65-66-67_1,"El botón ""Pausar"" está habilitado si en la línea de tiempo existe una o más etap",POSTERGADA A GARANTÍA,,,2026-10-02,2026-10-05,4,2026-10-02,2026-11-19,1,11
911,Registro Información,27 Casos Registro Información,RI_68,RI_68_1,"Al pasar o posicionar el mouse sobre el ícono de ayuda, se despliega un modal co",N/A,,,2026-10-02,2026-11-18,48,2026-10-02,2026-11-19,1,1
755,Registro Información,27 Casos Registro Información,RI_6,RI_6_1,"Confirmar cambio de nombre, correcta redacción y ubicación en pantalla",OK,,,2026-10-02,2026-11-18,48,2026-10-02,2026-11-19,1,1
756,Registro Información,27 Casos Registro Información,RI_7,RI_7-8_1,Al ingresar a la pantalla se cargan todos los usos que hayan sido guardados con ,OK,,,2026-10-02,2026-10-03,2,2026-10-02,2026-11-19,1,17
773,Registro Información,27 Casos Registro Información,RI_9,RI_9_1,N/A Caso de Prueba.  Los Usos son texto libre y no requieren mantenedor,N/A,,,2026-10-02,2026-11-18,48,2026-10-02,2026-11-19,1,1
757,Registro Información,27 Casos Registro Información,RI_7,RI_7-8_2,"Si no existen usos guardados, los campos Uso y Áreas quedan vacíos y disponibles",OK,,,2026-10-04,2026-10-06,3,2026-10-02,2026-11-19,2,17
793,Registro Información,27 Casos Registro Información,RI_19,RI_19-20-21-23-24_2,"Si no existen relaciones guardadas, el botón ""Relación de Modelos"" aparece desha",OK,,,2026-10-05,2026-10-08,4,2026-10-02,2026-11-19,2,13
807,Registro Información,27 Casos Registro Información,RI_25,RI_25-26-27-28-29_2,"La columna ""origen"" muestra sólo los datos ""Desarrollo"", ""Implementación"" y ""En ",OK,,,2026-10-06,2026-10-10,5,2026-10-02,2026-11-19,2,10
838,Registro Información,27 Casos Registro Información,RI_42,RI_42-43-44-45_2,"Si no existen relaciones guardadas, el botón ""Relación de Modelos"" aparece desha",OK,,,2026-10-06,2026-10-10,5,2026-10-02,2026-11-19,2,10
884,Registro Información,27 Casos Registro Información,RI_55,RI_55-56-57-58-59_2,"Si no existen relaciones guardadas, el botón ""Relación de Modelos"" aparece desha",OK,,,2026-10-06,2026-10-10,5,2026-10-02,2026-11-19,2,10
901,Registro Información,27 Casos Registro Información,RI_63,RI_63-64-65-66-67_2,"Si no existen etapas activas, el botón ""Pausar"" se encuentra desactivado",POSTERGADA A GARANTÍA,,,2026-10-06,2026-10-09,4,2026-10-02,2026-11-19,2,11
867,Registro Información,27 Casos Registro Información,RI_52,RI_52_2,"Si no existen usos guardados, los campos Uso y Áreas quedan vacíos y disponibles",OK,,,2026-10-07,2026-10-11,5,2026-10-02,2026-11-19,2,9
758,Registro Información,27 Casos Registro Información,RI_7,RI_7-8_3,La funcionalidad permite agregar N Usos,OK,,,2026-10-07,2026-10-09,3,2026-10-02,2026-11-19,3,17
848,Registro Información,27 Casos Registro Información,RI_46,RI_46-47_2,"Si no existen integraciones de gestión guardadas, el botón ""Integración Gestión""",OK,,,2026-10-08,2026-10-13,6,2026-10-02,2026-11-19,2,8
748,Registro Información,27 Casos Registro Información,RI_4,RI_4_2,Se puede re-activar un modelo el mismo día,POSTERGADA A GARANTÍA,,,2026-10-08,2026-10-14,7,2026-10-02,2026-11-19,2,7
876,Registro Información,27 Casos Registro Información,RI_53,RI_53_2,"Si no existen reportes guardados, el campo queda vacíos y disponible para ingres",OK,,,2026-10-08,2026-10-14,7,2026-10-02,2026-11-19,2,7
794,Registro Información,27 Casos Registro Información,RI_19,RI_19-20-21-23-24_3,"Si existen relaciones guardadas, y se desactiva el botón ""Relación de Modelos"", ",OK,,,2026-10-09,2026-10-12,4,2026-10-02,2026-11-19,3,13
775,Registro Información,27 Casos Registro Información,RI_10,RI_10_2,La funcionalidad permite agregar N topologías,OK,,,2026-10-10,2026-10-17,8,2026-10-02,2026-11-19,2,6
781,Registro Información,27 Casos Registro Información,RI_11,RI_11-12_2,La funcionalidad debe permitir agregar una nueva exposición con valores absoluto,OK,,,2026-10-10,2026-10-17,8,2026-10-02,2026-11-19,2,6
734,Registro Información,27 Casos Registro Información,RI_1,RI_1_2,Modelos Activos sin etapa re-activada: Se contabilizan días hábiles desde la ent,POSTERGADA A GARANTÍA,,,2026-10-10,2026-10-17,8,2026-10-02,2026-11-19,2,6
740,Registro Información,27 Casos Registro Información,RI_2,RI_2_2,El día y horario se pueden configurar por medio de mantenedor,OK,,,2026-10-10,2026-10-17,8,2026-10-02,2026-11-19,2,6
861,Registro Información,27 Casos Registro Información,RI_51,RI_51_2,"El ""Responsable de Explotación"" muestra todos los registros provenientes de una ",N/A,,,2026-10-10,2026-10-17,8,2026-10-02,2026-11-19,2,6
902,Registro Información,27 Casos Registro Información,RI_63,RI_63-64-65-66-67_3,"Al presionar el botón ""Pausar"", se abre la pantalla ""Gestión de Pausas"" y sus so",POSTERGADA A GARANTÍA,,,2026-10-10,2026-10-14,5,2026-10-02,2026-11-19,3,11
759,Registro Información,27 Casos Registro Información,RI_7,RI_7-8_4,La funcionalidad permite modificar Usos,OK,,,2026-10-10,2026-10-12,3,2026-10-02,2026-11-19,4,17
808,Registro Información,27 Casos Registro Información,RI_25,RI_25-26-27-28-29_3,"La columna ""Objetivo Validación"" muestra sólo datos ""Nuevo Desarrollo de Modelo""",OK,,,2026-10-11,2026-10-15,5,2026-10-02,2026-11-19,3,10
820,Registro Información,27 Casos Registro Información,RI_32,RI_32-33-34-35-36_2,Se deben mostrar todos los informes donde haya sido mencionado el modelo (llave ,OK,,,2026-10-11,2026-10-20,10,2026-10-02,2026-11-19,2,5
825,Registro Información,27 Casos Registro Información,RI_37,RI_37_2,La funcionalidad permite agregar N topologías,OK,,,2026-10-11,2026-10-20,10,2026-10-02,2026-11-19,2,5
832,Registro Información,27 Casos Registro Información,RI_39,RI_39-40_2,"La lista desplegable ""Periodicidad de Explotación"" incluye 5 opciones: 1. Diaria",OK,,,2026-10-11,2026-10-20,10,2026-10-02,2026-11-19,2,5
839,Registro Información,27 Casos Registro Información,RI_42,RI_42-43-44-45_3,"Si existen relaciones guardadas, y se desactiva el botón ""Relación de Modelos"", ",OK,,,2026-10-11,2026-10-15,5,2026-10-02,2026-11-19,3,10
885,Registro Información,27 Casos Registro Información,RI_55,RI_55-56-57-58-59_3,"Si existen relaciones guardadas, y se desactiva el botón ""Relación de Modelos"", ",OK,,,2026-10-11,2026-10-15,5,2026-10-02,2026-11-19,3,10
868,Registro Información,27 Casos Registro Información,RI_52,RI_52_3,La funcionalidad permite agregar N Usos,OK,,,2026-10-12,2026-10-17,6,2026-10-02,2026-11-19,3,9
795,Registro Información,27 Casos Registro Información,RI_19,RI_19-20-21-23-24_4,La funcionalidad permite agregar N relaciones,OK,,,2026-10-13,2026-10-15,3,2026-10-02,2026-11-19,4,13
760,Registro Información,27 Casos Registro Información,RI_7,RI_7-8_5,La funcionalidad permite eliminar Usos,OK,,,2026-10-13,2026-10-15,3,2026-10-02,2026-11-19,5,17
787,Registro Información,27 Casos Registro Información,RI_13,RI_13-15-16-17_2,"El campo ""Tipo de Modelación"" muestra las opciones: Tradicional, Caja Negra, Int",OK,,,2026-10-14,2026-10-25,12,2026-10-02,2026-11-19,2,4
849,Registro Información,27 Casos Registro Información,RI_46,RI_46-47_3,"Si existen integraciones de gestión guardadas, y se desactiva el botón ""Integrac",OK,,,2026-10-14,2026-10-19,6,2026-10-02,2026-11-19,3,8
749,Registro Información,27 Casos Registro Información,RI_4,RI_4_3,Cuando se reactiva una etapa debe habilitarse debe el botón de aprobación de la ,POSTERGADA A GARANTÍA,,,2026-10-15,2026-10-21,7,2026-10-02,2026-11-19,3,7
877,Registro Información,27 Casos Registro Información,RI_53,RI_53_3,La funcionalidad permite agregar N Reportes,OK,,,2026-10-15,2026-10-21,7,2026-10-02,2026-11-19,3,7
903,Registro Información,27 Casos Registro Información,RI_63,RI_63-64-65-66-67_4,El historial del modelo no se ve afectado por los ajustes en la funcionalidad de,POSTERGADA A GARANTÍA,,,2026-10-15,2026-10-18,4,2026-10-02,2026-11-19,4,11
796,Registro Información,27 Casos Registro Información,RI_19,RI_19-20-21-23-24_5,La funcionalidad permite modificar relaciones,OK,,,2026-10-16,2026-10-19,4,2026-10-02,2026-11-19,5,13
809,Registro Información,27 Casos Registro Información,RI_25,RI_25-26-27-28-29_4,"El botón ""+ Validación continua"" se muestra como ""+ Validación"" y se elimina la ",OK,,,2026-10-16,2026-10-20,5,2026-10-02,2026-11-19,4,10
840,Registro Información,27 Casos Registro Información,RI_42,RI_42-43-44-45_4,La funcionalidad permite agregar N relaciones,OK,,,2026-10-16,2026-10-20,5,2026-10-02,2026-11-19,4,10
886,Registro Información,27 Casos Registro Información,RI_55,RI_55-56-57-58-59_4,La funcionalidad permite agregar N relaciones,OK,,,2026-10-16,2026-10-20,5,2026-10-02,2026-11-19,4,10
761,Registro Información,27 Casos Registro Información,RI_7,RI_7-8_6,"Si el modelo se envió a Revisión, el sistema no debe permitir Agregar/Modificar/",OK,,,2026-10-16,2026-10-17,2,2026-10-02,2026-11-19,6,17
776,Registro Información,27 Casos Registro Información,RI_10,RI_10_3,La funcionalidad permite modificar topologías,OK,,,2026-10-18,2026-10-25,8,2026-10-02,2026-11-19,3,6
782,Registro Información,27 Casos Registro Información,RI_11,RI_11-12_3,"El subnivel3, unidad de exposición y exposición deben ser datos obligatorios",OK,,,2026-10-18,2026-10-25,8,2026-10-02,2026-11-19,3,6
735,Registro Información,27 Casos Registro Información,RI_1,RI_1_3,Etapas Re-activadas: Se contabilizan días hábiles desde la fecha de re-activació,POSTERGADA A GARANTÍA,,,2026-10-18,2026-10-25,8,2026-10-02,2026-11-19,3,6
741,Registro Información,27 Casos Registro Información,RI_2,RI_2_3,El remitente del correo con el informe es MRM_RiesgoModelo@bancochile.cl,OK,,,2026-10-18,2026-10-25,8,2026-10-02,2026-11-19,3,6
857,Registro Información,27 Casos Registro Información,RI_49,RI_49_2,Cuadratura: Las instancias de las etapas Desarrollo e Implementación coinciden c,OK,,,2026-10-18,2026-11-02,16,2026-10-02,2026-11-19,2,3
862,Registro Información,27 Casos Registro Información,RI_51,RI_51_3,La funcionalidad permite seleccionar Responsables desde el buscador de áreas,OK,,,2026-10-18,2026-10-25,8,2026-10-02,2026-11-19,3,6
869,Registro Información,27 Casos Registro Información,RI_52,RI_52_4,La funcionalidad permite modificar Usos,OK,,,2026-10-18,2026-10-22,5,2026-10-02,2026-11-19,4,9
894,Registro Información,27 Casos Registro Información,RI_60,RI_60_2,"Si el modelo entra por primera vez en uso y coincide con la fecha de hoy, entonc",N/A,,,2026-10-18,2026-11-02,16,2026-10-02,2026-11-19,2,3
762,Registro Información,27 Casos Registro Información,RI_7,RI_7-8_7,El campo Áreas Usuarias permite la búsqueda por medio de la funcionalidad actual,OK,,,2026-10-18,2026-10-20,3,2026-10-02,2026-11-19,7,17
904,Registro Información,27 Casos Registro Información,RI_63,RI_63-64-65-66-67_5,"Al presionar el botón ""+ Nueva Solicitud"", se abre el Formulario de solicitud de",POSTERGADA A GARANTÍA,,,2026-10-19,2026-10-22,4,2026-10-02,2026-11-19,5,11
797,Registro Información,27 Casos Registro Información,RI_19,RI_19-20-21-23-24_6,La funcionalidad permite eliminar relaciones,OK,,,2026-10-20,2026-10-23,4,2026-10-02,2026-11-19,6,13
850,Registro Información,27 Casos Registro Información,RI_46,RI_46-47_4,La funcionalidad permite agregar N integraciones de gestión,OK,,,2026-10-20,2026-10-25,6,2026-10-02,2026-11-19,4,8
810,Registro Información,27 Casos Registro Información,RI_25,RI_25-26-27-28-29_5,"El campo de ""ID Validación"" redirige a la pantalla de Desarrollo o Validación se",OK,,,2026-10-21,2026-10-25,5,2026-10-02,2026-11-19,5,10
821,Registro Información,27 Casos Registro Información,RI_32,RI_32-33-34-35-36_3,Permite seleccionar fechas pasadas limitando a la fecha de creación del modelo,OK,,,2026-10-21,2026-10-29,9,2026-10-02,2026-11-19,3,5
826,Registro Información,27 Casos Registro Información,RI_37,RI_37_3,La funcionalidad permite modificar topologías,OK,,,2026-10-21,2026-10-29,9,2026-10-02,2026-11-19,3,5
833,Registro Información,27 Casos Registro Información,RI_39,RI_39-40_3,"El campo ""Otra Periodicidad"" se muestra bloqueado y se habilita una vez que se s",OK,,,2026-10-21,2026-10-29,9,2026-10-02,2026-11-19,3,5
841,Registro Información,27 Casos Registro Información,RI_42,RI_42-43-44-45_5,La funcionalidad permite modificar relaciones,OK,,,2026-10-21,2026-10-25,5,2026-10-02,2026-11-19,5,10
887,Registro Información,27 Casos Registro Información,RI_55,RI_55-56-57-58-59_5,La funcionalidad permite modificar relaciones,OK,,,2026-10-21,2026-10-25,5,2026-10-02,2026-11-19,5,10
763,Registro Información,27 Casos Registro Información,RI_7,RI_7-8_8,"Los campos ""Uso"" y ""Areas"" son obligatorios y se levanta una alerta en caso que ",OK,,,2026-10-21,2026-10-23,3,2026-10-02,2026-11-19,8,17
750,Registro Información,27 Casos Registro Información,RI_4,RI_4_4,"No se debe reactivar una etapa si en etapas de desarrollo el modelo fue ""Rechaza",POSTERGADA A GARANTÍA,,,2026-10-22,2026-10-28,7,2026-10-02,2026-11-19,4,7
878,Registro Información,27 Casos Registro Información,RI_53,RI_53_4,La funcionalidad permite modificar Reportes,OK,,,2026-10-22,2026-10-28,7,2026-10-02,2026-11-19,4,7
870,Registro Información,27 Casos Registro Información,RI_52,RI_52_5,La funcionalidad permite eliminar Usos,OK,,,2026-10-23,2026-10-27,5,2026-10-02,2026-11-19,5,9
905,Registro Información,27 Casos Registro Información,RI_63,RI_63-64-65-66-67_6,"- Sección ""Modelo"": ""Modelo"", ""Estado actual"", ""Pausado""",POSTERGADA A GARANTÍA,,,2026-10-23,2026-10-27,5,2026-10-02,2026-11-19,6,11
798,Registro Información,27 Casos Registro Información,RI_19,RI_19-20-21-23-24_7,"La lista desplegable ""Tipo de Relación"" incluye 5 opciones: 1. Extensión de uso ",OK,,,2026-10-24,2026-10-26,3,2026-10-02,2026-11-19,7,13
764,Registro Información,27 Casos Registro Información,RI_7,RI_7-8_9,"Aparece un campo obligatorio ""Área Usuaria"" asociado al Modelo en Etapa de ""Desa",OK,,,2026-10-24,2026-10-26,3,2026-10-02,2026-11-19,9,17
777,Registro Información,27 Casos Registro Información,RI_10,RI_10_4,La funcionalidad permite eliminar topologías,OK,,,2026-10-26,2026-11-02,8,2026-10-02,2026-11-19,4,6
783,Registro Información,27 Casos Registro Información,RI_11,RI_11-12_4,El sistema debe alertar cuando no se completan los datos obligatorios,OK,,,2026-10-26,2026-11-02,8,2026-10-02,2026-11-19,4,6
788,Registro Información,27 Casos Registro Información,RI_13,RI_13-15-16-17_3,"Los campos ""Tipo de Modelación"", ""Periodo de Estudio"", ""Universo"" y ""Variable Ob",OK,,,2026-10-26,2026-11-06,12,2026-10-02,2026-11-19,3,4
736,Registro Información,27 Casos Registro Información,RI_1,RI_1_4,Modelos Caducos o Etapa finalizada: No se visualiza contador de días ni leyendas,POSTERGADA A GARANTÍA,,,2026-10-26,2026-11-02,8,2026-10-02,2026-11-19,4,6
811,Registro Información,27 Casos Registro Información,RI_25,RI_25-26-27-28-29_6,La nota y el estado son coincidentes con los datos de las etapas Desarrollo y Va,OK,,,2026-10-26,2026-10-29,4,2026-10-02,2026-11-19,6,10
742,Registro Información,27 Casos Registro Información,RI_2,RI_2_4,"Se recibe el correo con archivo adjunto, en formato excel, con el listado de mod",OK,,,2026-10-26,2026-11-02,8,2026-10-02,2026-11-19,4,6
818,Registro Información,27 Casos Registro Información,RI_31,RI_31_2,Las operaciones de carga y guardado de información no se ven impactadas por la e,OK,,,2026-10-26,2026-11-18,24,2026-10-02,2026-11-19,2,2
830,Registro Información,27 Casos Registro Información,RI_38,RI_38_2,En campo es obligatorio y levanta un mensaje de alerta si está vacío,OK,,,2026-10-26,2026-11-18,24,2026-10-02,2026-11-19,2,2
746,Registro Información,27 Casos Registro Información,RI_3,RI_3_2,El modelo puede tener todas las etapas activas,POSTERGADA A GARANTÍA,,,2026-10-26,2026-11-18,24,2026-10-02,2026-11-19,2,2
842,Registro Información,27 Casos Registro Información,RI_42,RI_42-43-44-45_6,La funcionalidad permite eliminar relaciones,OK,,,2026-10-26,2026-10-29,4,2026-10-02,2026-11-19,6,10
851,Registro Información,27 Casos Registro Información,RI_46,RI_46-47_5,La funcionalidad permite modificar integraciones de gestión,OK,,,2026-10-26,2026-10-31,6,2026-10-02,2026-11-19,5,8
863,Registro Información,27 Casos Registro Información,RI_51,RI_51_4,La funcionalidad permite modificar Responsables desde el buscador de áreas,OK,,,2026-10-26,2026-11-02,8,2026-10-02,2026-11-19,4,6
888,Registro Información,27 Casos Registro Información,RI_55,RI_55-56-57-58-59_6,La funcionalidad permite eliminar relaciones,OK,,,2026-10-26,2026-10-29,4,2026-10-02,2026-11-19,6,10
897,Registro Información,27 Casos Registro Información,RI_61,RI_61_2,"Modelo se puede caducar desde etapa ""En Uso"" aun cuando haya pasado por etapa de",OK,,,2026-10-26,2026-11-18,24,2026-10-02,2026-11-19,2,2
899,Registro Información,27 Casos Registro Información,RI_62,RI_62_2,"Las observaciones vigentes (no cerradas y no solucionadas), registradas en cada ",OK,,,2026-10-26,2026-11-18,24,2026-10-02,2026-11-19,2,2
799,Registro Información,27 Casos Registro Información,RI_19,RI_19-20-21-23-24_8,"El campo ""Modelo Relacionado"" permite la búsqueda de modelos activos, mediante a",OK,,,2026-10-27,2026-10-30,4,2026-10-02,2026-11-19,8,13
765,Registro Información,27 Casos Registro Información,RI_7,RI_7-8_10,"Al presionar el botón ""Nuevo Modelo"" en la línea de tiempo se crean nuevas versi",OK,,,2026-10-27,2026-10-29,3,2026-10-02,2026-11-19,10,17
871,Registro Información,27 Casos Registro Información,RI_52,RI_52_6,"Si el modelo se envió a Revisión, el sistema no debe permitir Agregar/Modificar/",OK,,,2026-10-28,2026-11-02,6,2026-10-02,2026-11-19,6,9
906,Registro Información,27 Casos Registro Información,RI_63,RI_63-64-65-66-67_7,"- Sección ""Solicitud"": ""ID Solicitud"". ""Fecha solicitud"", ""Estado solicitud"", Li",POSTERGADA A GARANTÍA,,,2026-10-28,2026-10-31,4,2026-10-02,2026-11-19,7,11
751,Registro Información,27 Casos Registro Información,RI_4,RI_4_5,El modelo puede re-activarse sólo si se indica el motivo de reactivación,POSTERGADA A GARANTÍA,,,2026-10-29,2026-11-04,7,2026-10-02,2026-11-19,5,7
879,Registro Información,27 Casos Registro Información,RI_53,RI_53_5,La funcionalidad permite eliminar Reportes,OK,,,2026-10-29,2026-11-04,7,2026-10-02,2026-11-19,5,7
812,Registro Información,27 Casos Registro Información,RI_25,RI_25-26-27-28-29_7,"Confirmar cambio de nombre, correcta redacción y ubicación en pantalla para los ",OK,,,2026-10-30,2026-11-03,5,2026-10-02,2026-11-19,7,10
822,Registro Información,27 Casos Registro Información,RI_32,RI_32-33-34-35-36_4,"Confirmar eliminación del campo ""Fecha Próxima Validación""",OK,,,2026-10-30,2026-11-08,10,2026-10-02,2026-11-19,4,5
827,Registro Información,27 Casos Registro Información,RI_37,RI_37_4,La funcionalidad permite eliminar topologías,OK,,,2026-10-30,2026-11-08,10,2026-10-02,2026-11-19,4,5
834,Registro Información,27 Casos Registro Información,RI_39,RI_39-40_4,"Si en la  ""Periodicidad de Explotación"" está seleccionada ""Otra Periodicidad"" y ",OK,,,2026-10-30,2026-11-08,10,2026-10-02,2026-11-19,4,5
843,Registro Información,27 Casos Registro Información,RI_42,RI_42-43-44-45_7,"La lista desplegable ""Tipo de Relación"" incluye 5 opciones: 1. Extensión de uso ",OK,,,2026-10-30,2026-11-03,5,2026-10-02,2026-11-19,7,10
889,Registro Información,27 Casos Registro Información,RI_55,RI_55-56-57-58-59_7,"La lista desplegable ""Tipo de Relación"" incluye 5 opciones: 1. Extensión de uso ",OK,,,2026-10-30,2026-11-03,5,2026-10-02,2026-11-19,7,10
766,Registro Información,27 Casos Registro Información,RI_7,RI_7-8_11,Guardado del formulario,OK,,,2026-10-30,2026-11-01,3,2026-10-02,2026-11-19,11,17
800,Registro Información,27 Casos Registro Información,RI_19,RI_19-20-21-23-24_9,"Los campos ""Tipo de Relación"", ""Modelo Relacionado"" y ""Descripción de Relación"" ",OK,,,2026-10-31,2026-11-03,4,2026-10-02,2026-11-19,9,13
852,Registro Información,27 Casos Registro Información,RI_46,RI_46-47_6,La funcionalidad permite eliminar integraciones de gestión,OK,,,2026-11-01,2026-11-06,6,2026-10-02,2026-11-19,6,8
907,Registro Información,27 Casos Registro Información,RI_63,RI_63-64-65-66-67_8,La funcionalidad del Formulario de solicitud de pausas no se ve afectado por la ,POSTERGADA A GARANTÍA,,,2026-11-01,2026-11-04,4,2026-10-02,2026-11-19,8,11
767,Registro Información,27 Casos Registro Información,RI_7,RI_7-8_12,Opciones de la grilla Usos,OK,,,2026-11-02,2026-11-03,2,2026-10-02,2026-11-19,12,17
778,Registro Información,27 Casos Registro Información,RI_10,RI_10_5,Todos los campos son obligatorios,OK,,,2026-11-03,2026-11-10,8,2026-10-02,2026-11-19,5,6
784,Registro Información,27 Casos Registro Información,RI_11,RI_11-12_5,Excepción: No todos los modelos tienen subnivel3. En ese caso la funcionalidad d,OK,,,2026-11-03,2026-11-10,8,2026-10-02,2026-11-19,5,6
737,Registro Información,27 Casos Registro Información,RI_1,RI_1_5,Excepciones/Casos de Borde: Pueden haber 2 o más etapas activas con su contador ,POSTERGADA A GARANTÍA,,,2026-11-03,2026-11-10,8,2026-10-02,2026-11-19,5,6
743,Registro Información,27 Casos Registro Información,RI_2,RI_2_5,"En el caso de falla en servicio de correo u otra anomalía, se debe notificar el ",OK,,,2026-11-03,2026-11-10,8,2026-10-02,2026-11-19,5,6
858,Registro Información,27 Casos Registro Información,RI_49,RI_49_3,"Al presionar botón Acta ""+"", la funcionalidad permite adjuntar archivos de forma",OK,,,2026-11-03,2026-11-18,16,2026-10-02,2026-11-19,3,3
864,Registro Información,27 Casos Registro Información,RI_51,RI_51_5,La funcionalidad permite eliminar Responsables,OK,,,2026-11-03,2026-11-10,8,2026-10-02,2026-11-19,5,6
872,Registro Información,27 Casos Registro Información,RI_52,RI_52_7,El campo Áreas Usuarias permite la búsqueda por medio de la funcionalidad actual,OK,,,2026-11-03,2026-11-07,5,2026-10-02,2026-11-19,7,9
895,Registro Información,27 Casos Registro Información,RI_60,RI_60_3,El campo permite seleccionar fechas pasadas limitando a la fecha de creación del,N/A,,,2026-11-03,2026-11-18,16,2026-10-02,2026-11-19,3,3
801,Registro Información,27 Casos Registro Información,RI_19,RI_19-20-21-23-24_10,y se levanta una alerta en caso que se quiera guardar la información sin todos l,OK,,,2026-11-04,2026-11-06,3,2026-10-02,2026-11-19,10,13
813,Registro Información,27 Casos Registro Información,RI_25,RI_25-26-27-28-29_8,La fecha de solicitud es la fecha de creación del registro,OK,,,2026-11-04,2026-11-08,5,2026-10-02,2026-11-19,8,10
844,Registro Información,27 Casos Registro Información,RI_42,RI_42-43-44-45_8,"El campo ""Modelo Relacionado"" permite la búsqueda de modelos activos, mediante a",OK,,,2026-11-04,2026-11-08,5,2026-10-02,2026-11-19,8,10
890,Registro Información,27 Casos Registro Información,RI_55,RI_55-56-57-58-59_8,"El campo ""Modelo Relacionado"" permite la búsqueda de modelos activos, mediante a",OK,,,2026-11-04,2026-11-08,5,2026-10-02,2026-11-19,8,10
768,Registro Información,27 Casos Registro Información,RI_7,RI_7-8_13,ID Solicitud no puede ser editable,OK,,,2026-11-04,2026-11-06,3,2026-10-02,2026-11-19,13,17
752,Registro Información,27 Casos Registro Información,RI_4,RI_4_6,Los adjuntos son opcionales,POSTERGADA A GARANTÍA,,,2026-11-05,2026-11-11,7,2026-10-02,2026-11-19,6,7
880,Registro Información,27 Casos Registro Información,RI_53,RI_53_6,La lista desplegable muestra todos los Reportes que han sido ingresados en el ma,OK,,,2026-11-05,2026-11-11,7,2026-10-02,2026-11-19,6,7
908,Registro Información,27 Casos Registro Información,RI_63,RI_63-64-65-66-67_9,"La lista desplegable ""Etapa"" del Formulario de solicitud de Pausas, muestra sólo",POSTERGADA A GARANTÍA,,,2026-11-05,2026-11-09,5,2026-10-02,2026-11-19,9,11
789,Registro Información,27 Casos Registro Información,RI_13,RI_13-15-16-17_4,"Los campos ""Periodo de Estudio"", ""Universo"" y ""Variable Objetivo"" son textos enr",OK,,,2026-11-07,2026-11-18,12,2026-10-02,2026-11-19,4,4
802,Registro Información,27 Casos Registro Información,RI_19,RI_19-20-21-23-24_11,"Al guardar la página y estar activo el botón ""Relación de Modelos"", debe levanta",OK,,,2026-11-07,2026-11-10,4,2026-10-02,2026-11-19,11,13
853,Registro Información,27 Casos Registro Información,RI_46,RI_46-47_7,"El campos ""Descripción de Integración""es obligatorio y se levanta una alerta en ",OK,,,2026-11-07,2026-11-12,6,2026-10-02,2026-11-19,7,8
769,Registro Información,27 Casos Registro Información,RI_7,RI_7-8_14,"Título del formulario ""Solicitud Desarrollo"" repetido",OK,,,2026-11-07,2026-11-09,3,2026-10-02,2026-11-19,14,17
873,Registro Información,27 Casos Registro Información,RI_52,RI_52_8,"Los campos ""Uso"" y ""Areas"" son obligatorios y se levanta una alerta en caso que ",OK,,,2026-11-08,2026-11-12,5,2026-10-02,2026-11-19,8,9
814,Registro Información,27 Casos Registro Información,RI_25,RI_25-26-27-28-29_9,"El botón ""Eliminar"" permite la eliminación del registro ingresado",OK,,,2026-11-09,2026-11-13,5,2026-10-02,2026-11-19,9,10
823,Registro Información,27 Casos Registro Información,RI_32,RI_32-33-34-35-36_5,Las operaciones de carga y guardado de información no se ven impactadas por la e,OK,,,2026-11-09,2026-11-18,10,2026-10-02,2026-11-19,5,5
828,Registro Información,27 Casos Registro Información,RI_37,RI_37_5,Todos los campos son obligatorios y se levanta una alerta en caso que no hayan s,OK,,,2026-11-09,2026-11-18,10,2026-10-02,2026-11-19,5,5
835,Registro Información,27 Casos Registro Información,RI_39,RI_39-40_5,"Los campos ""Responsable de Explotación"", ""Periodicidad de Explotación"" u ""Otra P",OK,,,2026-11-09,2026-11-18,10,2026-10-02,2026-11-19,5,5
845,Registro Información,27 Casos Registro Información,RI_42,RI_42-43-44-45_9,"Los campos ""Tipo de Relación"", ""Modelo Relacionado"" y ""Descripción de Relación"" ",OK,,,2026-11-09,2026-11-13,5,2026-10-02,2026-11-19,9,10
891,Registro Información,27 Casos Registro Información,RI_55,RI_55-56-57-58-59_9,"Los campos ""Tipo de Relación"", ""Modelo Relacionado"" y ""Descripción de Relación"" ",OK,,,2026-11-09,2026-11-13,5,2026-10-02,2026-11-19,9,10
909,Registro Información,27 Casos Registro Información,RI_63,RI_63-64-65-66-67_10,"Los campos dependientes entre sí, ""Etapa"" y Switch ""Pausado"", operan según las s",POSTERGADA A GARANTÍA,,,2026-11-10,2026-11-13,4,2026-10-02,2026-11-19,10,11
770,Registro Información,27 Casos Registro Información,RI_7,RI_7-8_15,Creación de Nuevo modelo,OK,,,2026-11-10,2026-11-12,3,2026-10-02,2026-11-19,15,17
779,Registro Información,27 Casos Registro Información,RI_10,RI_10_6,El sistema debe alertar cuando no se completan los campos obligatorios,OK,,,2026-11-11,2026-11-18,8,2026-10-02,2026-11-19,6,6
785,Registro Información,27 Casos Registro Información,RI_11,RI_11-12_6,"Luego de completar los datos obligatorios, el sistema guarda correctamente los d",OK,,,2026-11-11,2026-11-18,8,2026-10-02,2026-11-19,6,6
803,Registro Información,27 Casos Registro Información,RI_19,RI_19-20-21-23-24_12,La consulta de Modelos Relacionados no debe mostrar:,OK,,,2026-11-11,2026-11-14,4,2026-10-02,2026-11-19,12,13
738,Registro Información,27 Casos Registro Información,RI_1,RI_1_6,El resto de la funcionalidad de la pantalla no se ve afectada por la incorporaci,POSTERGADA A GARANTÍA,,,2026-11-11,2026-11-18,8,2026-10-02,2026-11-19,6,6
744,Registro Información,27 Casos Registro Información,RI_2,RI_2_6,Cuadratura: La cantidad de modelos activos del reporte coincide con el total de ,OK,,,2026-11-11,2026-11-18,8,2026-10-02,2026-11-19,6,6
865,Registro Información,27 Casos Registro Información,RI_51,RI_51_6,"Todos los campos de ""Responsables"" son obligatorios y se levanta una alerta en c",OK,,,2026-11-11,2026-11-18,8,2026-10-02,2026-11-19,6,6
753,Registro Información,27 Casos Registro Información,RI_4,RI_4_7,Debe mostrarse una alerta si no se indica el motivo de reactivación,POSTERGADA A GARANTÍA,,,2026-11-12,2026-11-18,7,2026-10-02,2026-11-19,7,7
881,Registro Información,27 Casos Registro Información,RI_53,RI_53_7,"La selección de la lista desplegable ""Reporte Normativo"" es opcional",OK,,,2026-11-12,2026-11-18,7,2026-10-02,2026-11-19,7,7
854,Registro Información,27 Casos Registro Información,RI_46,RI_46-47_8,"Al guardar la página y estar activo el botón ""Integración Gestión"" sin ""Descripc",OK,,,2026-11-13,2026-11-18,6,2026-10-02,2026-11-19,8,8
874,Registro Información,27 Casos Registro Información,RI_52,RI_52_9,Los otros datos del formulario no se ven afectados por la nueva funcionalidad de,OK,,,2026-11-13,2026-11-18,6,2026-10-02,2026-11-19,9,9
771,Registro Información,27 Casos Registro Información,RI_7,RI_7-8_16,Alerta de campos obligatorios,OK,,,2026-11-13,2026-11-15,3,2026-10-02,2026-11-19,16,17
815,Registro Información,27 Casos Registro Información,RI_25,RI_25-26-27-28-29_10,"Previo a la eliminación del registro de validación, la funcionalidad debe solici",OK,,,2026-11-14,2026-11-18,5,2026-10-02,2026-11-19,10,10
846,Registro Información,27 Casos Registro Información,RI_42,RI_42-43-44-45_10,"Al guardar la página y estar activo el botón ""Relación de Modelos"", debe levanta",OK,,,2026-11-14,2026-11-18,5,2026-10-02,2026-11-19,10,10
892,Registro Información,27 Casos Registro Información,RI_55,RI_55-56-57-58-59_10,"Al guardar la página y estar activo el botón ""Relación de Modelos"", debe levanta",OK,,,2026-11-14,2026-11-18,5,2026-10-02,2026-11-19,10,10
910,Registro Información,27 Casos Registro Información,RI_63,RI_63-64-65-66-67_11,- Switch Deshabilitado y Desactivado: En caso de seleccionar una etapa activa,POSTERGADA A GARANTÍA,,,2026-11-14,2026-11-18,5,2026-10-02,2026-11-19,11,11
804,Registro Información,27 Casos Registro Información,RI_19,RI_19-20-21-23-24_13,"Al crear un modelo por 1era vez, el sistema permite el ingreso de relaciones",OK,,,2026-11-15,2026-11-18,4,2026-10-02,2026-11-19,13,13
772,Registro Información,27 Casos Registro Información,RI_7,RI_7-8_17,Observaciones de Usabilidad,OK,,,2026-11-16,2026-11-18,3,2026-10-02,2026-11-19,17,17
33,Validación,14 Casos Validación- OK con OBS,V_10,V_10_1,"Dentro de la pestaña ""Informes Validación"", se visualiza el campo ""Objetivo de l",OK,ALTA,,2026-09-21,2026-09-25,5,2026-09-21,2026-10-02,1,2
35,Validación,14 Casos Validación- OK con OBS,V_11,V_11_1,Caso de prueba desestimado,N/A,ALTA,,2026-09-21,2026-10-01,11,2026-09-21,2026-10-02,1,1
36,Validación,14 Casos Validación- OK con OBS,V_12,V_12_1,Caso de prueba desestimado,N/A,ALTA,,2026-09-21,2026-10-01,11,2026-09-21,2026-10-02,1,1
37,Validación,14 Casos Validación- OK con OBS,V_13,V_13_1,"Al acceder a editar un informe, el sistema da la opción de asignar múltiples mod",OK,ALTA,,2026-09-21,2026-09-22,2,2026-09-21,2026-10-02,1,5
42,Validación,14 Casos Validación- OK con OBS,V_14,V_14_1,"Dentro de la pestaña ""Informes Validación"", si el campo ""Tipo de Enfoque"" tiene ",OK,MEDIA,,2026-09-21,2026-09-25,5,2026-09-21,2026-10-02,1,2
44,Validación,14 Casos Validación- OK con OBS,V_15,V_15_1,"Dentro de la pestaña ""Informes Validación"", se visualiza el campo ""Nota Inicial""",OK,ALTA,,2026-09-21,2026-09-22,2,2026-09-21,2026-10-02,1,4
48,Validación,14 Casos Validación- OK con OBS,V_16,V_16_1,"Dentro de la pestaña ""Informes Validación"", se visualiza el campo ""Nota Final""  ",OK,ALTA,,2026-09-21,2026-09-22,2,2026-09-21,2026-10-02,1,4
52,Validación,14 Casos Validación- OK con OBS,V_17,V_17_1,"Al seleccionar el mantenedor ""Fórmula de Nota Inicial y Final"", el sistema muest",OK,ALTA,,2026-09-21,2026-09-23,3,2026-09-21,2026-10-02,1,3
55,Validación,14 Casos Validación- OK con OBS,V_18,V_18_1,"Dentro de la pestaña ""Observaciones"" se visualizan el contador ""Cantidad de Obse",OK,MEDIA,,2026-09-21,2026-09-25,5,2026-09-21,2026-10-02,1,2
57,Validación,14 Casos Validación- OK con OBS,V_19,V_19_1,"Por medio de un proceso automático, si un informe tiene todas las observaciones ",OK,ALTA,,2026-09-21,2026-09-22,2,2026-09-21,2026-10-02,1,4
0,Validación,14 Casos Validación- OK con OBS,V_1,V_1_1,"El módulo anteriormente llamado ""Registro Observación"" ahora aparece como ""Valid",OK,ALTA,,2026-09-21,2026-09-23,3,2026-09-21,2026-10-02,1,3
61,Validación,14 Casos Validación- OK con OBS,V_20,V_20_1,"Al acceder a la sección de asignación de modelos, botón ""Agregar Múltiples"", se ",OK,ALTA,,2026-09-21,2026-09-22,2,2026-09-21,2026-10-02,1,4
65,Validación,14 Casos Validación- OK con OBS,V_21,V_21_1,"Al navegar hasta la edición de una observación, el sistema muestra los campos de",OK,ALTA,,2026-09-21,2026-09-22,2,2026-09-21,2026-10-02,1,4
69,Validación,14 Casos Validación- OK con OBS,V_22,V_22_1,"Al navegar hasta la edición de una observación, el sistema muestra el campo “Cat",OK,ALTA,,2026-09-21,2026-09-23,3,2026-09-21,2026-10-02,1,3
72,Validación,14 Casos Validación- OK con OBS,V_23,V_23_1,"El administrador en la sección de Mantenedores del sistema, al seleccionar el ma",OK,ALTA,,2026-09-21,2026-09-23,3,2026-09-21,2026-10-02,1,3
75,Validación,14 Casos Validación- OK con OBS,V_24,V_24_1,"En la edición de una observación, el sistema muestra los campos «Descripción Ini",OK,ALTA,,2026-09-21,2026-09-22,2,2026-09-21,2026-10-02,1,4
79,Validación,14 Casos Validación- OK con OBS,V_25,V_25_1,[Prueba de verificación] El administrador ejecuta el proceso de eliminación del ,OK,ALTA,,2026-09-21,2026-09-23,3,2026-09-21,2026-10-02,1,3
82,Validación,14 Casos Validación- OK con OBS,V_26,V_26_1,"El usuario al navegar hasta una observación en estado «Resuelta en Validación», ",OK,ALTA,,2026-09-21,2026-09-22,2,2026-09-21,2026-10-02,1,5
87,Validación,14 Casos Validación- OK con OBS,V_27,V_27_1,"El usuario al navegar hasta una observación, si el estado es «Excepcionada», el ",OK,ALTA,,2026-09-21,2026-09-22,2,2026-09-21,2026-10-02,1,5
92,Validación,14 Casos Validación- OK con OBS,V_28,V_28_1,"El usuario al navegar hasta la edición de una observación, debe poder visualizar",OK,ALTA,,2026-09-21,2026-09-22,2,2026-09-21,2026-10-02,1,4
96,Validación,14 Casos Validación- OK con OBS,V_29,V_29_1,"En la vista VALIDACIÓN / OBSERVACIONES, al intentar envíar a revisión, sólo el r",OK,ALTA,,2026-09-21,2026-09-25,5,2026-09-21,2026-10-02,1,2
3,Validación,14 Casos Validación- OK con OBS,V_2,V_2_1,Al ingresar al módulo de validación se visualizan 3 pestañas: “Informes de Valid,OK,ALTA,,2026-09-21,2026-09-21,1,2026-09-21,2026-10-02,1,6
98,Validación,14 Casos Validación- OK con OBS,V_30,V_30_1,"En la vista VALIDACIÓN / OBSERVACIONES/ ADMINISTRADOR, el administrador debe pod",OK CON OBS.,MEDIA,30.1,2026-09-21,2026-09-25,5,2026-09-21,2026-10-02,1,2
100,Validación,14 Casos Validación- OK con OBS,V_31,V_31_1,Al ingresar a la gestión de evidencias y ver el panel con archivos y observacion,OK,ALTA,,2026-09-21,2026-09-21,1,2026-09-21,2026-10-02,1,6
106,Validación,14 Casos Validación- OK con OBS,V_32,V_32_1,"Al navegar hasta una observación específica, desde la misma ventana de la observ",OK,ALTA,,2026-09-21,2026-09-23,3,2026-09-21,2026-10-02,1,3
109,Validación,14 Casos Validación- OK con OBS,V_33,V_33_1,"En la sección de FEV dentro del módulo de Validación, al seleccionar un FEV en l",OK,ALTA,,2026-09-21,2026-09-23,3,2026-09-21,2026-10-02,1,3
112,Validación,14 Casos Validación- OK con OBS,V_34,V_34_1,"Al seleccionar un FEV que esté en estado finalizado (aprobado), al hacer clic en",OK,ALTA,,2026-09-21,2026-09-22,2,2026-09-21,2026-10-02,1,4
116,Validación,14 Casos Validación- OK con OBS,V_35,V_35_1,Si existen cambios en los estados de las observaciones de «Vigente» a «En Valida,OK,BAJA,,2026-09-21,2026-09-22,2,2026-09-21,2026-10-02,1,5
121,Validación,14 Casos Validación- OK con OBS,V_36,V_36_1,"Al navegar hasta una observación especifica, e intentar cambiar el estado de la ",OK CON OBS.,ALTA,36.1,2026-09-21,2026-09-25,5,2026-09-21,2026-10-02,1,2
123,Validación,14 Casos Validación- OK con OBS,V_37,V_37_1,"El usuario navega hasta una observación con el estado «En Validación», en donde ",OK,ALTA,,2026-09-21,2026-09-22,2,2026-09-21,2026-10-02,1,4
127,Validación,14 Casos Validación- OK con OBS,V_38,V_38_1,"Cuando una observacion pase a cerrada y esta no tiene fecha de compromiso, se le",OK,ALTA,,2026-09-21,2026-09-22,2,2026-09-21,2026-10-02,1,4
131,Validación,14 Casos Validación- OK con OBS,V_39,V_39_1,Para todos los modelos y metodologías anteriores a la fecha del 31/03/2022 su no,OK,ALTA,,2026-09-21,2026-09-23,3,2026-09-21,2026-10-02,1,3
9,Validación,14 Casos Validación- OK con OBS,V_3,V_3_1,El sistema diariamente detecta si hay observaciones que hayan superado los 59 y ,OK,BAJA,,2026-09-21,2026-09-22,2,2026-09-21,2026-10-02,1,5
134,Validación,14 Casos Validación- OK con OBS,V_40,V_40_1,Las modificaciones realizadas en las notas de validación deben correr para los m,OK,ALTA,,2026-09-21,2026-09-22,2,2026-09-21,2026-10-02,1,5
139,Validación,14 Casos Validación- OK con OBS,V_41,V_41_1,Las modificaciones realizadas en las notas de validación no deben poder modifica,OK,ALTA,,2026-09-21,2026-09-22,2,2026-09-21,2026-10-02,1,4
14,Validación,14 Casos Validación- OK con OBS,V_4,V_4_1,"Dentro de la pestaña ""Informes Validación"", se muestra la columna Modelo, compue",OK,MEDIA,,2026-09-21,2026-09-22,2,2026-09-21,2026-10-02,1,4
18,Validación,14 Casos Validación- OK con OBS,V_5,V_5_1,"Dentro de la pestaña ""Informes Validación"", se muestra la columna “Tipo de Enfoq",OK,ALTA,,2026-09-21,2026-09-22,2,2026-09-21,2026-10-02,1,4
22,Validación,14 Casos Validación- OK con OBS,V_6,V_6_1,"Dentro de la pestaña ""Informes Validación"", la columna ""Tipo Enfoque"" carga las ",OK,ALTA,,2026-09-21,2026-09-23,3,2026-09-21,2026-10-02,1,3
25,Validación,14 Casos Validación- OK con OBS,V_7,V_7_1,"El mantenedor ""Árbol de Decisión Tipo de Enfoque"" se encuentra disponible para e",OK,ALTA,,2026-09-21,2026-09-23,3,2026-09-21,2026-10-02,1,3
28,Validación,14 Casos Validación- OK con OBS,V_8,V_8_1,"Al seleccionar el mantenedor ""Lista Tipo de Enfoque"", el sistema muestra la list",OK,ALTA,,2026-09-21,2026-09-23,3,2026-09-21,2026-10-02,1,3
31,Validación,14 Casos Validación- OK con OBS,V_9,V_9_1,"Dentro de la pestaña ""Informes Validación"", se visualiza el nuevo campo ""Origen""",OK,ALTA,,2026-09-21,2026-09-25,5,2026-09-21,2026-10-02,1,2
143,Validación,14 Casos Validación- OK con OBS,V_NU_42,V_NU_42_1,"El usuario al acceder al informe de Validación, debe poder visualizar los N mode",OK,ALTA,,2026-09-21,2026-09-22,2,2026-09-21,2026-10-02,1,4
147,Validación,14 Casos Validación- OK con OBS,V_NU_43,V_NU_43_1,"Si un usuario Administrador abre FEV, al presionar el botón ""Eliminar FEV"" y con",OK,ALTA,43.1,2026-09-21,2026-09-22,2,2026-09-21,2026-10-02,1,4
151,Validación,14 Casos Validación- OK con OBS,V_NU_44,V_NU_44_1,Los campos Descripción Inicial y Descripción Final permiten hasta 40000 caracter,OK,BAJA,44.1,2026-09-21,2026-09-23,3,2026-09-21,2026-10-02,1,3
154,Validación,14 Casos Validación- OK con OBS,V_NU_45,V_NU_45_1,"Al escribir en Descripción Final, el sistema debe sugerir/autocompletar cuando l",OK,BAJA,,2026-09-21,2026-09-23,3,2026-09-21,2026-10-02,1,3
157,Validación,14 Casos Validación- OK con OBS,V_NU_46,V_NU_46_1,"Al acceder a una observación, abrir formulario de edición de una observación exi",OK,BAJA,,2026-09-21,2026-09-22,2,2026-09-21,2026-10-02,1,4
161,Validación,14 Casos Validación- OK con OBS,V_NU_47,V_NU_47_1,El sistema debe permitir que una observación se vincule a múltiples modelos:,OK,BAJA,,2026-09-21,2026-09-25,5,2026-09-21,2026-10-02,1,2
163,Validación,14 Casos Validación- OK con OBS,V_NU_48,V_NU_48_1,"Al navegar hasta la vista de observaciones, se debe poder visualizar el campo ""P",OK,BAJA,,2026-09-21,2026-09-25,5,2026-09-21,2026-10-02,1,2
165,Validación,14 Casos Validación- OK con OBS,V_NU_49,V_NU_49_1,El usuario administrador tras navegar hasta la vista de observaciones del modulo,OK,ALTA,ALTA,2026-09-21,2026-09-22,2,2026-09-21,2026-10-02,1,4
169,Validación,14 Casos Validación- OK con OBS,V_NU_50,V_NU_50_1,"Usuario Validador o administrador, al navegar hasta la pantalla de edición del r",OK,BAJA,,2026-09-21,2026-09-22,2,2026-09-21,2026-10-02,1,5
4,Validación,14 Casos Validación- OK con OBS,V_2,V_2_2,"La pestaña de ""Informes de Validación"" presenta las opciones de creación de info",OK,ALTA,,2026-09-22,2026-09-23,2,2026-09-21,2026-10-02,2,6
101,Validación,14 Casos Validación- OK con OBS,V_31,V_31_2,"En la interfaz de asignación de archivos, se puede visualizar en donde se incorp",OK,ALTA,,2026-09-22,2026-09-23,2,2026-09-21,2026-10-02,2,6
38,Validación,14 Casos Validación- OK con OBS,V_13,V_13_2,"Todos los modelos seleccionados se listan en un solo campo, separados por coma",OK,ALTA,,2026-09-23,2026-09-24,2,2026-09-21,2026-10-02,2,5
45,Validación,14 Casos Validación- OK con OBS,V_15,V_15_2,El usuario puede acceder al detalle del informe y visualizar la composición del ,N/A,ALTA,,2026-09-23,2026-09-25,3,2026-09-21,2026-10-02,2,4
49,Validación,14 Casos Validación- OK con OBS,V_16,V_16_2,El usuario puede acceder al detalle del informe y visualizar la composición del ,OK,ALTA,,2026-09-23,2026-09-25,3,2026-09-21,2026-10-02,2,4
58,Validación,14 Casos Validación- OK con OBS,V_19,V_19_2,"Si existe al menos una observación que no esté en estado ""Resuelta en Validación",OK,ALTA,,2026-09-23,2026-09-25,3,2026-09-21,2026-10-02,2,4
62,Validación,14 Casos Validación- OK con OBS,V_20,V_20_2,El usuario puede seleccionar múltiples modelos para asociar a la observación.,OK,ALTA,,2026-09-23,2026-09-25,3,2026-09-21,2026-10-02,2,4
66,Validación,14 Casos Validación- OK con OBS,V_21,V_21_2,El usuario puede ver y editar los valores de ambos campos según sus permisos. Am,OK,ALTA,,2026-09-23,2026-09-25,3,2026-09-21,2026-10-02,2,4
76,Validación,14 Casos Validación- OK con OBS,V_24,V_24_2,"El usuario debe poder redactar usando opciones de formato. (negritas, subrayado,",OK,ALTA,,2026-09-23,2026-09-25,3,2026-09-21,2026-10-02,2,4
83,Validación,14 Casos Validación- OK con OBS,V_26,V_26_2,Debe estar bloqueada la funcionalidad que antes bloqueaba la nota cuando estaba ,OK,ALTA,,2026-09-23,2026-09-24,2,2026-09-21,2026-10-02,2,5
88,Validación,14 Casos Validación- OK con OBS,V_27,V_27_2,El sistema  guarda la asociación entre la observación y el FEV seleccionado.,OK,ALTA,,2026-09-23,2026-09-24,2,2026-09-21,2026-10-02,2,5
93,Validación,14 Casos Validación- OK con OBS,V_28,V_28_2,"Al ingresar a la vista, debe venir este campo con valor por defecto en blanco, p",OK,ALTA,,2026-09-23,2026-09-25,3,2026-09-21,2026-10-02,2,4
113,Validación,14 Casos Validación- OK con OBS,V_34,V_34_2,"Al seleccionar el formato deseado, el sistema genera el documento en este format",OK,ALTA,,2026-09-23,2026-09-25,3,2026-09-21,2026-10-02,2,4
117,Validación,14 Casos Validación- OK con OBS,V_35,V_35_2,Se registra el envío exitoso del correo en el sistema.,OK,BAJA,,2026-09-23,2026-09-24,2,2026-09-21,2026-10-02,2,5
124,Validación,14 Casos Validación- OK con OBS,V_37,V_37_2,"Al subir evidencia correctamente, el sistema actualiza la lista de evidencias as",OK,ALTA,,2026-09-23,2026-09-25,3,2026-09-21,2026-10-02,2,4
128,Validación,14 Casos Validación- OK con OBS,V_38,V_38_2,"Si la observación ya tiene una fecha de compromiso, se mantiene la fecha existen",OK,ALTA,,2026-09-23,2026-09-25,3,2026-09-21,2026-10-02,2,4
10,Validación,14 Casos Validación- OK con OBS,V_3,V_3_2,El contenido del mail incluye:,OK,BAJA,,2026-09-23,2026-09-24,2,2026-09-21,2026-10-02,2,5
135,Validación,14 Casos Validación- OK con OBS,V_40,V_40_2,"Notas de longitud 2, (no se especifica numero de decimales ni rango de notas pos",OK,ALTA,,2026-09-23,2026-09-24,2,2026-09-21,2026-10-02,2,5
140,Validación,14 Casos Validación- OK con OBS,V_41,V_41_2,El usuario debe poder visualizar las notas pero no poder editarlas.,N/A,ALTA,,2026-09-23,2026-09-25,3,2026-09-21,2026-10-02,2,4
15,Validación,14 Casos Validación- OK con OBS,V_4,V_4_2,El usuario puede ordenar y filtrar por la columna Modelo si lo requiere,OK,MEDIA,,2026-09-23,2026-09-25,3,2026-09-21,2026-10-02,2,4
19,Validación,14 Casos Validación- OK con OBS,V_5,V_5_2,"El usuario puede ordenar y filtrar por la columna ""Tipo Enfoque"" si lo requiere",OK,ALTA,,2026-09-23,2026-09-25,3,2026-09-21,2026-10-02,2,4
144,Validación,14 Casos Validación- OK con OBS,V_NU_42,V_NU_42_2,"El campo Criticidad de Uso es una lista desplegable: Alto, Medio, Bajo, Muy Bajo",OK,ALTA,42.2,2026-09-23,2026-09-25,3,2026-09-21,2026-10-02,2,4
148,Validación,14 Casos Validación- OK con OBS,V_NU_43,V_NU_43_2,"Tras eliminar el FEV, este no queda visible para otros perfiles que no sean admi",OK,ALTA,43.2,2026-09-23,2026-09-25,3,2026-09-21,2026-10-02,2,4
158,Validación,14 Casos Validación- OK con OBS,V_NU_46,V_NU_46_2,"Los campos aceptam formato decimal (dos decimales: 1,00). Ambos campos son con r",OK,BAJA,,2026-09-23,2026-09-25,3,2026-09-21,2026-10-02,2,4
166,Validación,14 Casos Validación- OK con OBS,V_NU_49,V_NU_49_2,"Al cargar un archivo excel, el sistema valida formato (.xlsx) y tamaño del archi",OK,ALTA,,2026-09-23,2026-09-25,3,2026-09-21,2026-10-02,2,4
170,Validación,14 Casos Validación- OK con OBS,V_NU_50,V_NU_50_2,"Si se ingresa un valor dentro del rango, se guardan los cambios y el sistema per",OK,BAJA,,2026-09-23,2026-09-24,2,2026-09-21,2026-10-02,2,5
53,Validación,14 Casos Validación- OK con OBS,V_17,V_17_2,"El Administrador puede agregar, modificar o eliminar la fórmula de cálculo",OK,ALTA,,2026-09-24,2026-09-27,4,2026-09-21,2026-10-02,2,3
1,Validación,14 Casos Validación- OK con OBS,V_1,V_1_2,Las funcionalidades actuales no se ven afectadas por el cambio de nombre en caso,OK,ALTA,,2026-09-24,2026-09-27,4,2026-09-21,2026-10-02,2,3
70,Validación,14 Casos Validación- OK con OBS,V_22,V_22_2,El usuario puede seleccionar un valor de la lista de categorías definidas en el ,OK,ALTA,,2026-09-24,2026-09-27,4,2026-09-21,2026-10-02,2,3
73,Validación,14 Casos Validación- OK con OBS,V_23,V_23_2,El sistema  guarda los cambios realizados y muestra un mensaje de exito.,OK,ALTA,,2026-09-24,2026-09-27,4,2026-09-21,2026-10-02,2,3
80,Validación,14 Casos Validación- OK con OBS,V_25,V_25_2,[Prueba de verificación] Si el sistema verifica que si existen datos históricos ,OK,ALTA,,2026-09-24,2026-09-27,4,2026-09-21,2026-10-02,2,3
5,Validación,14 Casos Validación- OK con OBS,V_2,V_2_3,"La pestaña ""Gestión de Evidencias"" presenta las opciones para agregar evidencias",OK,ALTA,,2026-09-24,2026-09-25,2,2026-09-21,2026-10-02,3,6
102,Validación,14 Casos Validación- OK con OBS,V_31,V_31_3,"Luego de seleccionar los archivos asignados a las observaciones, el sistema mues",OK,ALTA,,2026-09-24,2026-09-25,2,2026-09-21,2026-10-02,3,6
107,Validación,14 Casos Validación- OK con OBS,V_32,V_32_2,"El usuario debe poder hacer clic para descargar un archivo, se muestra un mensaj",OK,ALTA,,2026-09-24,2026-09-27,4,2026-09-21,2026-10-02,2,3
110,Validación,14 Casos Validación- OK con OBS,V_33,V_33_2,"Si al acceder a la sección del FEV y no hay excepciones asociadas, el sistema de",OK,ALTA,,2026-09-24,2026-09-27,4,2026-09-21,2026-10-02,2,3
132,Validación,14 Casos Validación- OK con OBS,V_39,V_39_2,Los campos se registran de manera correcta:,OK,ALTA,,2026-09-24,2026-09-27,4,2026-09-21,2026-10-02,2,3
23,Validación,14 Casos Validación- OK con OBS,V_6,V_6_2,"El usuario puede modificar el ""Tipo Enfoque"" según las opciones sugeridas",OK,ALTA,,2026-09-24,2026-09-27,4,2026-09-21,2026-10-02,2,3
26,Validación,14 Casos Validación- OK con OBS,V_7,V_7_2,"Si el administrador realiza cambios en la estructura jerárquica, el sistema soli",N/A,ALTA,,2026-09-24,2026-09-27,4,2026-09-21,2026-10-02,2,3
29,Validación,14 Casos Validación- OK con OBS,V_8,V_8_2,"El Administrador puede agregar, modificar o eliminar opciones de la lista",OK,ALTA,,2026-09-24,2026-09-27,4,2026-09-21,2026-10-02,2,3
152,Validación,14 Casos Validación- OK con OBS,V_NU_44,V_NU_44_2,"Si se intenta ingresar mas caracteres de los permitidos, se muestra alerta: “Cam",OK,BAJA,44.2,2026-09-24,2026-09-27,4,2026-09-21,2026-10-02,2,3
155,Validación,14 Casos Validación- OK con OBS,V_NU_45,V_NU_45_2,Se debe poder aceptar o ignorar la sugerencia.,OK,BAJA,45.2,2026-09-24,2026-09-27,4,2026-09-21,2026-10-02,2,3
39,Validación,14 Casos Validación- OK con OBS,V_13,V_13_3,"Al asignar un modelo de forma correcta, el sistema muestra una alerta ""Modelo as",OK,ALTA,,2026-09-25,2026-09-26,2,2026-09-21,2026-10-02,3,5
84,Validación,14 Casos Validación- OK con OBS,V_26,V_26_3,El sistema  guarda los cambios realizados y actualiza el historial de modificaci,N/A,ALTA,,2026-09-25,2026-09-26,2,2026-09-21,2026-10-02,3,5
89,Validación,14 Casos Validación- OK con OBS,V_27,V_27_3,"Si el estado de la observación no es Excepcionada, el campo se muestra desactiva",OK,ALTA,,2026-09-25,2026-09-26,2,2026-09-21,2026-10-02,3,5
118,Validación,14 Casos Validación- OK con OBS,V_35,V_35_3,"Si existe error en el servicio del correo, el sistema registra el error en los l",OK,BAJA,,2026-09-25,2026-09-26,2,2026-09-21,2026-10-02,3,5
11,Validación,14 Casos Validación- OK con OBS,V_3,V_3_3,"Si el sistema no detecta observaciones que hayan superado los 59 y 89 días, no s",OK,BAJA,,2026-09-25,2026-09-26,2,2026-09-21,2026-10-02,3,5
136,Validación,14 Casos Validación- OK con OBS,V_40,V_40_3,El sistema registra las modificaciones en el historial de cambios.,OK,ALTA,,2026-09-25,2026-09-26,2,2026-09-21,2026-10-02,3,5
171,Validación,14 Casos Validación- OK con OBS,V_NU_50,V_NU_50_3,"Si el campo queda en blanco el sistema debe permitir guardar sin errores, y el v",N/A,BAJA,,2026-09-25,2026-09-26,2,2026-09-21,2026-10-02,3,5
34,Validación,14 Casos Validación- OK con OBS,V_10,V_10_2,El campo es obligatorio y se levanta una alerta si el usuario no selecciona una ,OK,ALTA,,2026-09-26,2026-10-01,6,2026-09-21,2026-10-02,2,2
43,Validación,14 Casos Validación- OK con OBS,V_14,V_14_2,"Si no exite valor precargado, el icono informativo indica que no hay información",N/A,MEDIA,,2026-09-26,2026-10-01,6,2026-09-21,2026-10-02,2,2
46,Validación,14 Casos Validación- OK con OBS,V_15,V_15_3,"Al modificar la formula en mantenedor (HU V_17), el sistema recalcula la ""Nota I",OK,ALTA,,2026-09-26,2026-09-28,3,2026-09-21,2026-10-02,3,4
50,Validación,14 Casos Validación- OK con OBS,V_16,V_16_3,"Al modificar la formula en mantenedor (HU V_17), el sistema recalcula la ""Nota F",OK,ALTA,,2026-09-26,2026-09-28,3,2026-09-21,2026-10-02,3,4
56,Validación,14 Casos Validación- OK con OBS,V_18,V_18_2,"Si no existen observaciones en la vista actual, el sistema muestra los contadore",OK,MEDIA,,2026-09-26,2026-10-01,6,2026-09-21,2026-10-02,2,2
59,Validación,14 Casos Validación- OK con OBS,V_19,V_19_3,"Si la ""Aprobación"" fue realizada automáticamente, en la cabecera del informe de ",OK,ALTA,,2026-09-26,2026-09-28,3,2026-09-21,2026-10-02,3,4
63,Validación,14 Casos Validación- OK con OBS,V_20,V_20_3,El sistema  guarda las asociaciones de modelos para la observación y muestra la ,OK,ALTA,,2026-09-26,2026-09-28,3,2026-09-21,2026-10-02,3,4
67,Validación,14 Casos Validación- OK con OBS,V_21,V_21_3,El sistema  guarda corretamente los cambios realizados en ambos campos mostrando,OK,ALTA,,2026-09-26,2026-09-28,3,2026-09-21,2026-10-02,3,4
77,Validación,14 Casos Validación- OK con OBS,V_24,V_24_3,"Tras escribir el Descripción Final, el sistema guarda ambas descripciones con fo",OK,ALTA,,2026-09-26,2026-09-28,3,2026-09-21,2026-10-02,3,4
94,Validación,14 Casos Validación- OK con OBS,V_28,V_28_3,Se puede seleccionar uno o más Usos Validados.,OK,ALTA,,2026-09-26,2026-09-28,3,2026-09-21,2026-10-02,3,4
97,Validación,14 Casos Validación- OK con OBS,V_29,V_29_2,"Si no se tiene el rol correspondiente, no se envía, el botón de envío a revisión",OK,ALTA,29.2,2026-09-26,2026-10-01,6,2026-09-21,2026-10-02,2,2
6,Validación,14 Casos Validación- OK con OBS,V_2,V_2_4,"La pestaña ""Formularios de Excepción (FEV)"" presenta las opciones para generar e",OK,ALTA,,2026-09-26,2026-09-27,2,2026-09-21,2026-10-02,4,6
99,Validación,14 Casos Validación- OK con OBS,V_30,V_30_2,"Si se intenta modificar un campo protegido, se muestra un mensaje indicando que ",OK,MEDIA,30.1,2026-09-26,2026-10-01,6,2026-09-21,2026-10-02,2,2
103,Validación,14 Casos Validación- OK con OBS,V_31,V_31_4,"Al confirmar la acción haciendo clic en «Asignar archivos», el sistema valida y ",OK,ALTA,,2026-09-26,2026-09-27,2,2026-09-21,2026-10-02,4,6
114,Validación,14 Casos Validación- OK con OBS,V_34,V_34_3,"Si ocurre un error durante la generación del documento, se muestra un mensaje: """,OK,ALTA,,2026-09-26,2026-09-28,3,2026-09-21,2026-10-02,3,4
122,Validación,14 Casos Validación- OK con OBS,V_36,V_36_2,"Si se quiere cambiar desde un estado no válido a excepcionada, se muestra mensaj",N/A,ALTA,,2026-09-26,2026-10-01,6,2026-09-21,2026-10-02,2,2
125,Validación,14 Casos Validación- OK con OBS,V_37,V_37_3,"Si al intentar subir evidencia adicional, ocurre un error, el sistema debe mostr",N/A,ALTA,,2026-09-26,2026-09-28,3,2026-09-21,2026-10-02,3,4
129,Validación,14 Casos Validación- OK con OBS,V_38,V_38_3,"Si existe error en el proceso de cierre de la observación, se debe mostrar el me",N/A,ALTA,,2026-09-26,2026-09-28,3,2026-09-21,2026-10-02,3,4
141,Validación,14 Casos Validación- OK con OBS,V_41,V_41_3,Se muestra un indicador visual de que las notas están protegidas.,N/A,ALTA,,2026-09-26,2026-09-28,3,2026-09-21,2026-10-02,3,4
16,Validación,14 Casos Validación- OK con OBS,V_4,V_4_3,"Si existe un informe de validación sin un modelo asignado, se debe mostrar el ca",OK,MEDIA,,2026-09-26,2026-09-28,3,2026-09-21,2026-10-02,3,4
20,Validación,14 Casos Validación- OK con OBS,V_5,V_5_3,"Si existe un informe de validación sin un ""Tipo Enfoque"" definido, se debe mostr",OK,ALTA,,2026-09-26,2026-09-28,3,2026-09-21,2026-10-02,3,4
32,Validación,14 Casos Validación- OK con OBS,V_9,V_9_2,El campo es obligatorio y se levanta una alerta si el usuario no selecciona una ,OK,ALTA,,2026-09-26,2026-10-01,6,2026-09-21,2026-10-02,2,2
145,Validación,14 Casos Validación- OK con OBS,V_NU_42,V_NU_42_3,Si el sistema no encuentra ningún modelo asignado al informe que se quiere edita,N/A,ALTA,,2026-09-26,2026-09-28,3,2026-09-21,2026-10-02,3,4
149,Validación,14 Casos Validación- OK con OBS,V_NU_43,V_NU_43_3,"Si un usuario sin permisos abre FEV, no debe poder visualizar el botón de ""Elimi",OK,ALTA,,2026-09-26,2026-09-28,3,2026-09-21,2026-10-02,3,4
159,Validación,14 Casos Validación- OK con OBS,V_NU_46,V_NU_46_3,Al guardar cambios el sistema persiste ambos valores en la base de datos.,OK,BAJA,,2026-09-26,2026-09-28,3,2026-09-21,2026-10-02,3,4
162,Validación,14 Casos Validación- OK con OBS,V_NU_47,V_NU_47_2,Si existe un vínvulo duplicado:,N/A,BAJA,,2026-09-26,2026-10-01,6,2026-09-21,2026-10-02,2,2
164,Validación,14 Casos Validación- OK con OBS,V_NU_48,V_NU_48_2,"El campo ""Principio es Obligatorio""",OK,BAJA,,2026-09-26,2026-10-01,6,2026-09-21,2026-10-02,2,2
167,Validación,14 Casos Validación- OK con OBS,V_NU_49,V_NU_49_3,"Tras cargar, el sistema actualiza el link de botón “Descargar Formato” y muestra",OK,ALTA,,2026-09-26,2026-09-28,3,2026-09-21,2026-10-02,3,4
40,Validación,14 Casos Validación- OK con OBS,V_13,V_13_4,"Si se agrega un modelo que ya está asigando al informe, el sistema muestra una a",OK,ALTA,13.4,2026-09-27,2026-09-28,2,2026-09-21,2026-10-02,4,5
85,Validación,14 Casos Validación- OK con OBS,V_26,V_26_4,"El campo Gravedad Inicial es de tipo Obligatorio, de tipo Numero y longitud 5 di",OK,ALTA,,2026-09-27,2026-09-28,2,2026-09-21,2026-10-02,4,5
90,Validación,14 Casos Validación- OK con OBS,V_27,V_27_4,"Si no existen FEV creados en el sistema, se muestra un mensaje indicando que no ",OK,ALTA,,2026-09-27,2026-09-28,2,2026-09-21,2026-10-02,4,5
119,Validación,14 Casos Validación- OK con OBS,V_35,V_35_4,"Si no existen cambios de estado en el periodo, el sistema registra en los logs q",OK,BAJA,,2026-09-27,2026-09-28,2,2026-09-21,2026-10-02,4,5
12,Validación,14 Casos Validación- OK con OBS,V_3,V_3_4,El sistema registra el envío exitoso de las notificaciones.,OK,BAJA,,2026-09-27,2026-09-28,2,2026-09-21,2026-10-02,4,5
137,Validación,14 Casos Validación- OK con OBS,V_40,V_40_4,"Si el informe es anterior a junio 2025, se deshabilita la edición de notas y el ",N/A,ALTA,,2026-09-27,2026-09-28,2,2026-09-21,2026-10-02,4,5
172,Validación,14 Casos Validación- OK con OBS,V_NU_50,V_NU_50_4,Si se ingresa un valor fuera de rango se muestra un mensaje de alerta: 'El porce,OK,BAJA,,2026-09-27,2026-09-28,2,2026-09-21,2026-10-02,4,5
54,Validación,14 Casos Validación- OK con OBS,V_17,V_17_3,"Si la fórmula que se intenta guardar tiene una sintáxis inválida, el sistema mue",OK,ALTA,,2026-09-28,2026-10-01,4,2026-09-21,2026-10-02,3,3
2,Validación,14 Casos Validación- OK con OBS,V_1,V_1_3,Realizar prueba conjunta Desarrollo y Negocio para confirmar control de excecion,OK,ALTA,,2026-09-28,2026-10-01,4,2026-09-21,2026-10-02,3,3
71,Validación,14 Casos Validación- OK con OBS,V_22,V_22_3,"Si no existen categorías configuradas en el mantenedor, el sistema debe mostrar ",OK,ALTA,22.3,2026-09-28,2026-10-01,4,2026-09-21,2026-10-02,3,3
74,Validación,14 Casos Validación- OK con OBS,V_23,V_23_3,Si el administrador intenta eliminar una categoría y esta está siendo utilizada ,OK,ALTA,23.3,2026-09-28,2026-10-01,4,2026-09-21,2026-10-02,3,3
81,Validación,14 Casos Validación- OK con OBS,V_25,V_25_3,"Como postcondición, el campo Grupo Capital ya no aparecce en la interfaz de obse",OK,ALTA,,2026-09-28,2026-10-01,4,2026-09-21,2026-10-02,3,3
7,Validación,14 Casos Validación- OK con OBS,V_2,V_2_5,"Si al ingresar a una de las 3 pestañas, el formulario no carga, el sistema muest",N/A,ALTA,,2026-09-28,2026-09-29,2,2026-09-21,2026-10-02,5,6
104,Validación,14 Casos Validación- OK con OBS,V_31,V_31_5,Se dejará la funcion actual de Editar en forma independiente para cada uno de lo,OK,ALTA,,2026-09-28,2026-09-29,2,2026-09-21,2026-10-02,5,6
108,Validación,14 Casos Validación- OK con OBS,V_32,V_32_3,"Si la lista de Documentos se encuentra vacía, se muestra un mensaje: “No hay doc",OK,ALTA,,2026-09-28,2026-10-01,4,2026-09-21,2026-10-02,3,3
111,Validación,14 Casos Validación- OK con OBS,V_33,V_33_3,"Si ocurre un error al consultar las observaciones en la base de datos, el sistem",N/A,ALTA,,2026-09-28,2026-10-01,4,2026-09-21,2026-10-02,3,3
133,Validación,14 Casos Validación- OK con OBS,V_39,V_39_3,"Si el modelo no es anterior a la fecha indicada, no se rige bajo la formula. Usa",OK,ALTA,,2026-09-28,2026-10-01,4,2026-09-21,2026-10-02,3,3
24,Validación,14 Casos Validación- OK con OBS,V_6,V_6_3,"Si el ""Tipo Enfoque"" no arroja sugerencias, debe precargar todas las opciones de",OK,ALTA,,2026-09-28,2026-10-01,4,2026-09-21,2026-10-02,3,3
27,Validación,14 Casos Validación- OK con OBS,V_7,V_7_3,"Si el administrador intenta guardar una estructura jerárquica inválida, el siste",OK,ALTA,,2026-09-28,2026-10-01,4,2026-09-21,2026-10-02,3,3
30,Validación,14 Casos Validación- OK con OBS,V_8,V_8_3,"Si el Administrador intenta agregar un valor que ya existe en la lista, el siste",OK,ALTA,,2026-09-28,2026-10-01,4,2026-09-21,2026-10-02,3,3
153,Validación,14 Casos Validación- OK con OBS,V_NU_44,V_NU_44_3,"Si el usuario intenta pegar contenido con formato no permitido, el sistema muest",OK,BAJA,44.3,2026-09-28,2026-10-01,4,2026-09-21,2026-10-02,3,3
156,Validación,14 Casos Validación- OK con OBS,V_NU_45,V_NU_45_3,"Si se excede la longitud máxima de caracteres, (más de 40.000), el sistema resal",OK,BAJA,,2026-09-28,2026-10-01,4,2026-09-21,2026-10-02,3,3
41,Validación,14 Casos Validación- OK con OBS,V_13,V_13_5,El campo es obligatorio y se levanta una alerta si el usuario no agrega un model,OK,ALTA,ALTA,2026-09-29,2026-10-01,3,2026-09-21,2026-10-02,5,5
47,Validación,14 Casos Validación- OK con OBS,V_15,V_15_4,Si no existe formula de calculo definida en el mantenedor al querer ver el cálcu,N/A,ALTA,,2026-09-29,2026-10-01,3,2026-09-21,2026-10-02,4,4
51,Validación,14 Casos Validación- OK con OBS,V_16,V_16_4,Si no existe formula de calculo definida en el mantenedor al querer ver el cálcu,N/A,ALTA,,2026-09-29,2026-10-01,3,2026-09-21,2026-10-02,4,4
60,Validación,14 Casos Validación- OK con OBS,V_19,V_19_4,El sistema registra el cambio de estado en el historial.,OK,ALTA,,2026-09-29,2026-10-01,3,2026-09-21,2026-10-02,4,4
64,Validación,14 Casos Validación- OK con OBS,V_20,V_20_4,"Si se intenta agregar un modelo que ya fue asociado a una observación, el sistem",N/A,ALTA,,2026-09-29,2026-10-01,3,2026-09-21,2026-10-02,4,4
68,Validación,14 Casos Validación- OK con OBS,V_21,V_21_4,"Si el usuario intenta modificar manualmente el campo Nota, el sistema verifica s",N/A,ALTA,,2026-09-29,2026-10-01,3,2026-09-21,2026-10-02,4,4
78,Validación,14 Casos Validación- OK con OBS,V_24,V_24_4,"Si se intenta pegar contenido con formato no permitido, el sistema muestra un me",OK,ALTA,24.4,2026-09-29,2026-10-01,3,2026-09-21,2026-10-02,4,4
86,Validación,14 Casos Validación- OK con OBS,V_26,V_26_5,"Si el usuario intenta guardar un valor de nota fuera del rango permitido, el sis",OK,ALTA,,2026-09-29,2026-10-01,3,2026-09-21,2026-10-02,5,5
91,Validación,14 Casos Validación- OK con OBS,V_27,V_27_5,"Si el usuario selecciona un FEV que no corresponde a la observación, el sistema ",N/A,ALTA,,2026-09-29,2026-10-01,3,2026-09-21,2026-10-02,5,5
95,Validación,14 Casos Validación- OK con OBS,V_28,V_28_4,El sistema  guarda la selección de usos validados.,OK,ALTA,,2026-09-29,2026-10-01,3,2026-09-21,2026-10-02,4,4
115,Validación,14 Casos Validación- OK con OBS,V_34,V_34_4,"Si se solicita la descarga de un documento extenso, y el proceso de generación e",OK,ALTA,,2026-09-29,2026-10-01,3,2026-09-21,2026-10-02,4,4
120,Validación,14 Casos Validación- OK con OBS,V_35,V_35_5,"Si el sistema envía el correo electrónico exitosamente, y el servidor de correo ",OK,BAJA,,2026-09-29,2026-10-01,3,2026-09-21,2026-10-02,5,5
126,Validación,14 Casos Validación- OK con OBS,V_37,V_37_4,Si la evidencia es cargada exitosamente por el usuario pero los días en validaci,N/A,ALTA,,2026-09-29,2026-10-01,3,2026-09-21,2026-10-02,4,4
130,Validación,14 Casos Validación- OK con OBS,V_38,V_38_4,"Si el usuario cancela el proceso de cierre, el sistema no realiza cambios y la o",OK,ALTA,,2026-09-29,2026-10-01,3,2026-09-21,2026-10-02,4,4
13,Validación,14 Casos Validación- OK con OBS,V_3,V_3_5,"Si el servicio de correo no está disponible, el sistema registra el error en los",OK,BAJA,,2026-09-29,2026-10-01,3,2026-09-21,2026-10-02,5,5
138,Validación,14 Casos Validación- OK con OBS,V_40,V_40_5,Si se intenta guardar modificaciones de notas y ocurre un error en la base de da,N/A,ALTA,,2026-09-29,2026-10-01,3,2026-09-21,2026-10-02,5,5
142,Validación,14 Casos Validación- OK con OBS,V_41,V_41_4,Si se intenta modificar un campo que el sistema detecta como protegido por la fe,N/A,ALTA,,2026-09-29,2026-10-01,3,2026-09-21,2026-10-02,4,4
17,Validación,14 Casos Validación- OK con OBS,V_4,V_4_4,"Si ocurre un error en la carga del nombre del modelo, se muestra mensaje de erro",N/A,MEDIA,,2026-09-29,2026-10-01,3,2026-09-21,2026-10-02,4,4
21,Validación,14 Casos Validación- OK con OBS,V_5,V_5_4,"Si ocurre un error en la carga del ""Tipo Enfoque"", se muestra mensaje de error y",N/A,ALTA,,2026-09-29,2026-10-01,3,2026-09-21,2026-10-02,4,4
146,Validación,14 Casos Validación- OK con OBS,V_NU_42,V_NU_42_4,El usuario solo podrá avanzar en acciones relacionadas con la criticidad (por ej,OK,ALTA,,2026-09-29,2026-10-01,3,2026-09-21,2026-10-02,4,4
150,Validación,14 Casos Validación- OK con OBS,V_NU_43,V_NU_43_4,"Si un Administrador tras presionar el botón ""Eliminar FEV"", al momento de confir",OK,ALTA,,2026-09-29,2026-10-01,3,2026-09-21,2026-10-02,4,4
160,Validación,14 Casos Validación- OK con OBS,V_NU_46,V_NU_46_4,Valor fuera de rango:,OK,BAJA,,2026-09-29,2026-10-01,3,2026-09-21,2026-10-02,4,4
168,Validación,14 Casos Validación- OK con OBS,V_NU_49,V_NU_49_4,El sistema valida las columnas esperadas en este archivo  (Definidas en nueva pl,OK,ALTA,,2026-09-29,2026-10-01,3,2026-09-21,2026-10-02,4,4
173,Validación,14 Casos Validación- OK con OBS,V_NU_50,V_NU_50_5,"Si se ingresa un valor No numérico, el sistema limita el ingreso y muestra alert",OK,BAJA,,2026-09-29,2026-10-01,3,2026-09-21,2026-10-02,5,5
8,Validación,14 Casos Validación- OK con OBS,V_2,V_2_6,"Si el usuario está trabajando en una pestaña y cambia a otra, el sistema pregunt",N/A,ALTA,,2026-09-30,2026-10-01,2,2026-09-21,2026-10-02,6,6
105,Validación,14 Casos Validación- OK con OBS,V_31,V_31_6,"Si el usuario intenta asignar un archivo que ya está asociado a una observación,",OK,ALTA,,2026-09-30,2026-10-01,2,2026-09-21,2026-10-02,6,6
174,Seguimiento y Control,27 Casos Seguimiento y Control,SC_1,SC_1.1,"En el menú principal de navegación se puede visualizar el elemento denominado ""S",OK,Alto,,2026-09-17,2026-11-03,48,2026-09-17,2026-11-04,1,1
207,Seguimiento y Control,27 Casos Seguimiento y Control,SC_10,SC_10.1,"En la pestaña Controles, se muestran los siguientes campos en la cabecera de la ",OK,Alto,ALTA,2026-09-17,2026-10-02,16,2026-09-17,2026-11-04,1,3
210,Seguimiento y Control,27 Casos Seguimiento y Control,SC_11,SC_11.1,"En la pestaña de Controles, el campo Fecha Último Control es un campo no  editab",OK,Alto,ALTA,2026-09-17,2026-10-10,24,2026-09-17,2026-11-04,1,2
212,Seguimiento y Control,27 Casos Seguimiento y Control,SC_12,SC_12.1,"El usuario al acceder al menú de Mantenedores, se debe poder acceder al mantened",OK,Alto,,2026-09-17,2026-09-25,9,2026-09-17,2026-11-04,1,5
217,Seguimiento y Control,27 Casos Seguimiento y Control,SC_13,SC_13.1,El usuario GRM_REVISOR o GRM_ADMINISTRADOR al acceder al detalle de un modelo en,OK CON OBS.,Alto,SC_13.1,2026-09-17,2026-09-24,8,2026-09-17,2026-11-04,1,6
223,Seguimiento y Control,27 Casos Seguimiento y Control,SC_14,SC_14.1,"Al acceder al detalle de un modelo en la pestaña ""Controles"", se puede visualiza",OK,Alto,,2026-09-17,2026-09-24,8,2026-09-17,2026-11-04,1,6
229,Seguimiento y Control,27 Casos Seguimiento y Control,SC_15,SC_15.1,"Al acceder al detalle de un modelo en la pestaña ""Controles"", se visualiza el bo",OK CON OBS.,Alto,SC_15.1,2026-09-17,2026-09-28,12,2026-09-17,2026-11-04,1,4
233,Seguimiento y Control,27 Casos Seguimiento y Control,SC_16,SC_16.1,"Al acceder a un formulario de Controles de un modelo, se puede visualizar un enc",OK,Alto,ALTA,2026-09-17,2026-11-03,48,2026-09-17,2026-11-04,1,1
234,Seguimiento y Control,27 Casos Seguimiento y Control,SC_17,SC_17.1,"Al presionar el botón “Nuevo Registro +”, se despliega la página modal Formulari",OK CON OBS.,Alto,SC_17.1,2026-09-17,2026-09-25,9,2026-09-17,2026-11-04,1,5
239,Seguimiento y Control,27 Casos Seguimiento y Control,SC_18,SC_18.1,"Al acceder al formulario de Controles del modelo, se muestra el campo ""Calificac",OK,Alto,,2026-09-17,2026-10-02,16,2026-09-17,2026-11-04,1,3
242,Seguimiento y Control,27 Casos Seguimiento y Control,SC_19,SC_19.1,El sistema evalua diariamente las condiciones de alerta según la configuración q,POSTERGADA A GARANTÍA,Bajo,,2026-09-17,2026-10-02,16,2026-09-17,2026-11-04,1,3
175,Seguimiento y Control,27 Casos Seguimiento y Control,SC_2,SC_2.1,"Dentro del Módulo de Seguimiento y Control se muestran 3 pestañas,",OK,Alto,,2026-09-17,2026-09-28,12,2026-09-17,2026-11-04,1,4
245,Seguimiento y Control,27 Casos Seguimiento y Control,SC_20,SC_20.1,"En la pestaña Controles, al presionar el botón ""Solicitar Extensión"", se desplie",OK,Alto,ALTA,2026-09-17,2026-09-25,9,2026-09-17,2026-11-04,1,5
250,Seguimiento y Control,27 Casos Seguimiento y Control,SC_21,SC_21.1,"Al presionar en el botón Nueva Solicitud, se debe desplegar el mini formulario d",OK,Alto,ALTA,2026-09-17,2026-10-10,24,2026-09-17,2026-11-04,1,2
252,Seguimiento y Control,27 Casos Seguimiento y Control,SC_22,SC_22.1,"Luego de que un usuario complete el formulario de ""Nueva Solicitud"", al presiona",OK,Alto,,2026-09-17,2026-09-28,12,2026-09-17,2026-11-04,1,4
256,Seguimiento y Control,27 Casos Seguimiento y Control,SC_23,SC_23.1,"En la pagina de inicio de la pestaña ""Seguimiento"", se debe poder visualizar una",POSTERGADA A GARANTÍA,Alto,,2026-09-17,2026-10-10,24,2026-09-17,2026-11-04,1,2
258,Seguimiento y Control,27 Casos Seguimiento y Control,SC_24,SC_24.1,"Al presionar la opción de ""Cargar información"" en la región de acciones, el sist",OK,Alto,ALTA,2026-09-17,2026-09-25,9,2026-09-17,2026-11-04,1,5
263,Seguimiento y Control,27 Casos Seguimiento y Control,SC_25,SC_25.1,"Usuario con rol administrador, tiene visible botón ""Cargar Template Excel"" en la",OK,Medio,,2026-09-17,2026-09-22,6,2026-09-17,2026-11-04,1,7
270,Seguimiento y Control,27 Casos Seguimiento y Control,SC_26,SC_26.1,"Al presionar el botón ""Inventario seguimiento"", de la región de acciones de la p",POSTERGADA A GARANTÍA,Alto,ALTA,2026-09-17,2026-10-10,24,2026-09-17,2026-11-04,1,2
272,Seguimiento y Control,27 Casos Seguimiento y Control,SC_27,SC_27.1,"Al acceder al menú de Configuración>Mantenedores, se muestra la página del mante",OK,Bajo,ALTA,2026-09-17,2026-09-28,12,2026-09-17,2026-11-04,1,4
276,Seguimiento y Control,27 Casos Seguimiento y Control,SC_28,SC_28.1,"Al ingresar al botón ""Editar"" de un modelo de la pestaña de seguimiento, se mues",OK,Alto,ALTA,2026-09-17,2026-11-03,48,2026-09-17,2026-11-04,1,1
277,Seguimiento y Control,27 Casos Seguimiento y Control,SC_29,SC_29.1,Al ingresar al Formulario de Seguimiento se visualiza un encabezado resumen del ,OK CON OBS.,Alto,29.1,2026-09-17,2026-10-10,24,2026-09-17,2026-11-04,1,2
179,Seguimiento y Control,27 Casos Seguimiento y Control,SC_3,SC_3.1,Si un usuario con rol de aprobador (GRM_REVISOR) al cambiar la etapa de un model,NOK,Alto,3.1,2026-09-17,2026-09-22,6,2026-09-17,2026-11-04,1,7
279,Seguimiento y Control,27 Casos Seguimiento y Control,SC_30,SC_30.1,"al hacer clic en ""Editar"" en un modelo de la grilla Seguimiento, se abre formula",OK,Alto,,2026-09-17,2026-09-28,12,2026-09-17,2026-11-04,1,4
283,Seguimiento y Control,27 Casos Seguimiento y Control,SC_31,SC_31.1,"Aprobador abrir desde la grilla el formulario Seguimiento de un modelo, y tras c",OK,Alto,ALTA,2026-09-17,2026-10-10,24,2026-09-17,2026-11-04,1,2
285,Seguimiento y Control,27 Casos Seguimiento y Control,SC_32,SC_32.1,El sistema evalúa periódicamente las condiciones de alerta según la configuració,OK,Bajo,,2026-09-17,2026-11-03,48,2026-09-17,2026-11-04,1,1
286,Seguimiento y Control,27 Casos Seguimiento y Control,SC_33,SC_33.1,DESESTIMADA,N/A,Bajo,,2026-09-17,2026-11-03,48,2026-09-17,2026-11-04,1,1
287,Seguimiento y Control,27 Casos Seguimiento y Control,SC_34,SC_34.1,"Al acceder al menú de configuración>Mantenedores, se muestra la configuración pa",POSTERGADA A GARANTÍA,Alto,ALTA,2026-09-17,2026-11-03,48,2026-09-17,2026-11-04,1,1
288,Seguimiento y Control,27 Casos Seguimiento y Control,SC_35,SC_35.1,"Al ingresar al formulario de Seguimiento de un modelo, los siguientes campos (to",OK,Alto,,2026-09-17,2026-10-10,24,2026-09-17,2026-11-04,1,2
290,Seguimiento y Control,27 Casos Seguimiento y Control,SC_36,SC_36.1,"En el formulario de Seguimiento de un modelo, en caso de que la conclusión sea A",OK,Alto,ALTA,2026-09-17,2026-10-02,16,2026-09-17,2026-11-04,1,3
293,Seguimiento y Control,27 Casos Seguimiento y Control,SC_37,SC_37.1,"En caso de que se registre/edite la conclusión a ""Alerta"" por primera vez, el ca",N/A,Alto,,2026-09-17,2026-10-02,16,2026-09-17,2026-11-04,1,3
296,Seguimiento y Control,27 Casos Seguimiento y Control,SC_38,SC_38.1,"Al ingresar al formulario de Seguimiento, que tenga la calificacion en ""Alerta"",",OK,Alto,,2026-09-17,2026-09-28,12,2026-09-17,2026-11-04,1,4
300,Seguimiento y Control,27 Casos Seguimiento y Control,SC_39,SC_39.1,En el caso de ingresar/editar a formulario de seguimiento que tenga Calificación,OK,Alto,,2026-09-17,2026-11-03,48,2026-09-17,2026-11-04,1,1
186,Seguimiento y Control,27 Casos Seguimiento y Control,SC_4,SC_4.1,"Al entrar el modelo En Uso por primera vez, se debe informar al responsable de s",OK,Alto,,2026-09-17,2026-10-02,16,2026-09-17,2026-11-04,1,3
301,Seguimiento y Control,27 Casos Seguimiento y Control,SC_40,SC_40.1,"Al acceder a la pestaña Seguimiento, se visualiza grilla con clumna ""Calificació",OK,Alto,,2026-09-17,2026-10-02,16,2026-09-17,2026-11-04,1,3
304,Seguimiento y Control,27 Casos Seguimiento y Control,SC_41,SC_41.1,"Al presonar botón de “Solicitar Prórroga/Extensión” en el formulario, (sólo si m",OK,Alto,MEDIA,2026-09-17,2026-10-10,24,2026-09-17,2026-11-04,1,2
306,Seguimiento y Control,27 Casos Seguimiento y Control,SC_42,SC_42.1,Tras presionar botón “Solicitar Prórroga/Extensión” en el formulario y luego hac,OK,Alto,ALTA,2026-09-17,2026-10-10,24,2026-09-17,2026-11-04,1,2
308,Seguimiento y Control,27 Casos Seguimiento y Control,SC_43,SC_43.1,"Al ingresar a la pestaña Formulario de Excepción (FES), se muestra la grilla de ",OK,Alto,,2026-09-17,2026-10-10,24,2026-09-17,2026-11-04,1,2
310,Seguimiento y Control,27 Casos Seguimiento y Control,SC_44,SC_44.1,"Tras presionar el botón ""Nuevo FES"", se puede llenar el formulario, el cual pres",OK,Alto,ALTA,2026-09-17,2026-10-02,16,2026-09-17,2026-11-04,1,3
313,Seguimiento y Control,27 Casos Seguimiento y Control,SC_45,SC_45.1,"Al existir un FES con estado Finalizado, se muestra un botón ""Descargar Document",OK,Alto,,2026-09-17,2026-09-25,9,2026-09-17,2026-11-04,1,5
318,Seguimiento y Control,27 Casos Seguimiento y Control,SC_46,SC_46.1,El formulario FES está implementado replicando la arquitectura del flujo FEV exi,OK,Alto,,2026-09-17,2026-11-03,48,2026-09-17,2026-11-04,1,1
319,Seguimiento y Control,27 Casos Seguimiento y Control,SC_47,SC_47.1,Un usuario con rol GRM_ADMINISTRADOR al acceder al mantenedor de la columna Cali,OK CON OBS.,Alto,SC_47.1,2026-09-17,2026-10-02,16,2026-09-17,2026-11-04,1,3
189,Seguimiento y Control,27 Casos Seguimiento y Control,SC_5,SC_5.1,"Al acceder al menú de configuración de los mantenedores, en ""Mantenedor de corre",OK,Alto,,2026-09-17,2026-09-28,12,2026-09-17,2026-11-04,1,4
193,Seguimiento y Control,27 Casos Seguimiento y Control,SC_6,SC_6.1,"Cambios realizados por los usuarios en la tabla T_OBS_PERF, serán mostrados en l",POSTERGADA A GARANTÍA,Alto,ALTA,2026-09-17,2026-11-03,48,2026-09-17,2026-11-04,1,1
194,Seguimiento y Control,27 Casos Seguimiento y Control,SC_7,SC_7.1,"Al ingresar a la ventana de inicio de la pestaña Controles, se tiene una tabla c",OK,Alto,ALTA,2026-09-17,2026-10-10,24,2026-09-17,2026-11-04,1,2
196,Seguimiento y Control,27 Casos Seguimiento y Control,SC_8,SC_8.1,"En la pestaña de Controles, se muestra botón de ""Carga Información"", que deberá ",OK,Alto,ALTA,2026-09-17,2026-09-24,8,2026-09-17,2026-11-04,1,6
202,Seguimiento y Control,27 Casos Seguimiento y Control,SC_9,SC_9.1,"En la vista de Control debe existir un botón ""Cargar Template Excel"" visible uni",OK,Medio,,2026-09-17,2026-09-25,9,2026-09-17,2026-11-04,1,5
264,Seguimiento y Control,27 Casos Seguimiento y Control,SC_25,SC_25.2,"Al presionar el botón, se abre un diálogo de selección de archivo Excel (.xlsx o",OK,Medio,,2026-09-23,2026-09-29,7,2026-09-17,2026-11-04,2,7
180,Seguimiento y Control,27 Casos Seguimiento y Control,SC_3,SC_3.2,El sistema registra en auditoría la creación automática con fecha y usuario del ,OK,Alto,,2026-09-23,2026-09-29,7,2026-09-17,2026-11-04,2,7
218,Seguimiento y Control,27 Casos Seguimiento y Control,SC_13,SC_13.2,"En el caso que se active el switch, el modelo sale de la pestaña ""Controles"" y p",OK,Alto,,2026-09-25,2026-10-02,8,2026-09-17,2026-11-04,2,6
224,Seguimiento y Control,27 Casos Seguimiento y Control,SC_14,SC_14.2,"Si es la primera vez que un modelo entra ""En Uso"", el campo se muestra automátic",OK,Alto,,2026-09-25,2026-10-02,8,2026-09-17,2026-11-04,2,6
197,Seguimiento y Control,27 Casos Seguimiento y Control,SC_8,SC_8.2,"Al presionar el botón de Cargar Información, el sistema despliega un diálogo en ",OK,Alto,,2026-09-25,2026-10-02,8,2026-09-17,2026-11-04,2,6
213,Seguimiento y Control,27 Casos Seguimiento y Control,SC_12,SC_12.2,"Tras ingresar a la página, se visualiza un botón ""Nuevo"", el cual despliega un f",OK CON OBS.,Alto,12.2,2026-09-26,2026-10-05,10,2026-09-17,2026-11-04,2,5
235,Seguimiento y Control,27 Casos Seguimiento y Control,SC_17,SC_17.2,El Formulario de Controles debe tener los siguientes campos:,OK,Alto,ALTA,2026-09-26,2026-10-05,10,2026-09-17,2026-11-04,2,5
246,Seguimiento y Control,27 Casos Seguimiento y Control,SC_20,SC_20.2,"Al presionar Nueva Solicitud, se muestra un formulario que se debe completar con",OK,Alto,ALTA,2026-09-26,2026-10-05,10,2026-09-17,2026-11-04,2,5
259,Seguimiento y Control,27 Casos Seguimiento y Control,SC_24,SC_24.2,La extensión correcta debe ser .xlsx o .xls,OK,Alto,ALTA,2026-09-26,2026-10-05,10,2026-09-17,2026-11-04,2,5
314,Seguimiento y Control,27 Casos Seguimiento y Control,SC_45,SC_45.2,"Al presionar el botón de descargar, se puede seleccionar el formato deseado de d",OK,Alto,,2026-09-26,2026-10-05,10,2026-09-17,2026-11-04,2,5
203,Seguimiento y Control,27 Casos Seguimiento y Control,SC_9,SC_9.2,"El botón de permitir la carga de la Plantilla Excel, la cual los demás usuarios ",OK,Medio,,2026-09-26,2026-10-05,10,2026-09-17,2026-11-04,2,5
230,Seguimiento y Control,27 Casos Seguimiento y Control,SC_15,SC_15.2,"Tras completar la información solicitada, se puede confirmar el guardado, el sis",OK,Alto,15.4,2026-09-29,2026-10-10,12,2026-09-17,2026-11-04,2,4
176,Seguimiento y Control,27 Casos Seguimiento y Control,SC_2,SC_2.2,"Al seleccionar cada pestaña, el contenido es mostrado sin necesidad de recargar ",OK,Alto,,2026-09-29,2026-10-10,12,2026-09-17,2026-11-04,2,4
253,Seguimiento y Control,27 Casos Seguimiento y Control,SC_22,SC_22.2,"Si la solicitud es aprobada por Revisor, el sistema modifica la fecha de Próximo",OK,Alto,,2026-09-29,2026-10-10,12,2026-09-17,2026-11-04,2,4
273,Seguimiento y Control,27 Casos Seguimiento y Control,SC_27,SC_27.2,El mantenedor permite gestionar los registros Agregar/Editar/Eliminar registros.,OK,Bajo,ALTA,2026-09-29,2026-10-10,12,2026-09-17,2026-11-04,2,4
280,Seguimiento y Control,27 Casos Seguimiento y Control,SC_30,SC_30.2,El formulario de seguimiento muestra los siguientes campos:,OK,Alto,30.1,2026-09-29,2026-10-10,12,2026-09-17,2026-11-04,2,4
297,Seguimiento y Control,27 Casos Seguimiento y Control,SC_38,SC_38.2,"Al hacer clic en ""Solicitar Prórroga"", el sistema abre modal simple con formular",OK,Alto,ALTA,2026-09-29,2026-10-10,12,2026-09-17,2026-11-04,2,4
190,Seguimiento y Control,27 Casos Seguimiento y Control,SC_5,SC_5.2,"Usuarios sin el rol requerido, no deben tener permitida la visualización del mód",OK,Alto,,2026-09-29,2026-10-10,12,2026-09-17,2026-11-04,2,4
265,Seguimiento y Control,27 Casos Seguimiento y Control,SC_25,SC_25.3,"El sistema valida el formato del archivo, tamaño máximo (10 MB) y la estructura ",OK,Medio,,2026-09-30,2026-10-06,7,2026-09-17,2026-11-04,3,7
181,Seguimiento y Control,27 Casos Seguimiento y Control,SC_3,SC_3.3,Cada modelo en etapa En Uso tiene un registro de control creado automáticamente.,OK,Alto,,2026-09-30,2026-10-06,7,2026-09-17,2026-11-04,3,7
208,Seguimiento y Control,27 Casos Seguimiento y Control,SC_10,SC_10.2,El botón Agregar Registro abre un modal/formulario para agregar un nuevo registr,OK,Alto,,2026-10-03,2026-10-18,16,2026-09-17,2026-11-04,2,3
219,Seguimiento y Control,27 Casos Seguimiento y Control,SC_13,SC_13.3,"Luego de activar el switch, se ejecuta el proceso ASIGNAR_RESPONSABLE, se actual",OK,Alto,ALTA,2026-10-03,2026-10-10,8,2026-09-17,2026-11-04,3,6
225,Seguimiento y Control,27 Casos Seguimiento y Control,SC_14,SC_14.3,"Si ya existe un registro de control consolidado, se observa el valor según corre",POSTERGADA A GARANTÍA,Alto,,2026-10-03,2026-10-10,8,2026-09-17,2026-11-04,3,6
240,Seguimiento y Control,27 Casos Seguimiento y Control,SC_18,SC_18.2,"Si un modelo pasa de ""Seguimiento"" a ""Control"" (mediante el switch), el sistema ",OK,Alto,,2026-10-03,2026-10-18,16,2026-09-17,2026-11-04,2,3
243,Seguimiento y Control,27 Casos Seguimiento y Control,SC_19,SC_19.2,"Si se cumplen condiciones, por ejemplo, la fecha de próximo control sobrepasa la",POSTERGADA A GARANTÍA,Bajo,,2026-10-03,2026-10-18,16,2026-09-17,2026-11-04,2,3
291,Seguimiento y Control,27 Casos Seguimiento y Control,SC_36,SC_36.2,"Al seleccionar alguna de las opciones de Estado Interno y presionar Guardar, se ",OK,Alto,,2026-10-03,2026-10-18,16,2026-09-17,2026-11-04,2,3
294,Seguimiento y Control,27 Casos Seguimiento y Control,SC_37,SC_37.2,"Si se genera la Alerta, debe aparecer un mensaje en la zona superiro de la Pesta",N/A,Alto,,2026-10-03,2026-10-18,16,2026-09-17,2026-11-04,2,3
187,Seguimiento y Control,27 Casos Seguimiento y Control,SC_4,SC_4.2,El destinatario (Responsable de seguimiento) Recibe el correo,OK,Alto,,2026-10-03,2026-10-18,16,2026-09-17,2026-11-04,2,3
302,Seguimiento y Control,27 Casos Seguimiento y Control,SC_40,SC_40.2,"Al pasar el mouse por sobre el ícono, un tooltip muestra: ""F.Alerta desde: [DD/M",OK,Alto,,2026-10-03,2026-10-18,16,2026-09-17,2026-11-04,2,3
311,Seguimiento y Control,27 Casos Seguimiento y Control,SC_44,SC_44.2,"Al completar las secciones del formulario, y presionar ""Enviar a Revisión"", el s",OK,Alto,,2026-10-03,2026-10-18,16,2026-09-17,2026-11-04,2,3
320,Seguimiento y Control,27 Casos Seguimiento y Control,SC_47,SC_47.2,Se puede editar acciones y agregar nuevas Calificaciones y el sistema aplica la ,OK,Alto,,2026-10-03,2026-10-18,16,2026-09-17,2026-11-04,2,3
198,Seguimiento y Control,27 Casos Seguimiento y Control,SC_8,SC_8.3,El sistema debe validar que el archivo tenga la extensión correcta (.xlsx o .xls,OK,Alto,,2026-10-03,2026-10-10,8,2026-09-17,2026-11-04,3,6
214,Seguimiento y Control,27 Casos Seguimiento y Control,SC_12,SC_12.3,"Se puede completar el formulario con los datos requeridos, y al presionar guarda",OK,Alto,,2026-10-06,2026-10-14,9,2026-09-17,2026-11-04,3,5
236,Seguimiento y Control,27 Casos Seguimiento y Control,SC_17,SC_17.3,"Tras presionar guardar, y si se tienen los campos obligatorios completados, se r",OK,Alto,,2026-10-06,2026-10-14,9,2026-09-17,2026-11-04,3,5
247,Seguimiento y Control,27 Casos Seguimiento y Control,SC_20,SC_20.3,Se puede adjuntar documentos de soporte (Opcional) al presionar en Archivos +.,OK,Alto,ALTA,2026-10-06,2026-10-14,9,2026-09-17,2026-11-04,3,5
260,Seguimiento y Control,27 Casos Seguimiento y Control,SC_24,SC_24.3,El tamaño del archivo no puede exceder los 10 MB,OK,Alto,ALTA,2026-10-06,2026-10-14,9,2026-09-17,2026-11-04,3,5
315,Seguimiento y Control,27 Casos Seguimiento y Control,SC_45,SC_45.3,El sistema registra la descarga en los logs de auditoría.,OK,Alto,,2026-10-06,2026-10-14,9,2026-09-17,2026-11-04,3,5
204,Seguimiento y Control,27 Casos Seguimiento y Control,SC_9,SC_9.3,Usuarios con otro rol no deben poder visualizar el botón.,OK,Medio,,2026-10-06,2026-10-14,9,2026-09-17,2026-11-04,3,5
266,Seguimiento y Control,27 Casos Seguimiento y Control,SC_25,SC_25.4,"Si el archivo es validado por el sistema, se muestra un resumen de carga y se ha",OK,Medio,,2026-10-07,2026-10-13,7,2026-09-17,2026-11-04,4,7
182,Seguimiento y Control,27 Casos Seguimiento y Control,SC_3,SC_3.4,"Al ingresar a la sección de Controles, se muestra la grilla con los siguientes c",OK,Alto,,2026-10-07,2026-10-13,7,2026-09-17,2026-11-04,4,7
211,Seguimiento y Control,27 Casos Seguimiento y Control,SC_11,SC_11.2,Formato de fecha: La fecha presentada debe cumplir con el formato de visualizaci,OK,Alto,,2026-10-11,2026-11-03,24,2026-09-17,2026-11-04,2,2
220,Seguimiento y Control,27 Casos Seguimiento y Control,SC_13,SC_13.4,"Cuando el switch se mueve de estado ON / OFF, debe generar un nuevo registro en ",OK,Alto,ALTA,2026-10-11,2026-10-18,8,2026-09-17,2026-11-04,4,6
226,Seguimiento y Control,27 Casos Seguimiento y Control,SC_14,SC_14.4,"Si no existe el Riesgo en el registro de consolidado, el campo se muestra ""En Us",OK,Alto,,2026-10-11,2026-10-18,8,2026-09-17,2026-11-04,4,6
231,Seguimiento y Control,27 Casos Seguimiento y Control,SC_15,SC_15.3,El sistema muestra las siguientes Alertas:,OK,Alto,,2026-10-11,2026-10-22,12,2026-09-17,2026-11-04,3,4
177,Seguimiento y Control,27 Casos Seguimiento y Control,SC_2,SC_2.4,"Si el modelo pasa a Caducidad, no se deben visualizar Registros de Control",OK,Alto,,2026-10-11,2026-10-22,12,2026-09-17,2026-11-04,3,4
251,Seguimiento y Control,27 Casos Seguimiento y Control,SC_21,SC_21.2,"El sistema valida que la justificación de la prórroga no esté vacia, el plazo so",OK,Alto,ALTA,2026-10-11,2026-11-03,24,2026-09-17,2026-11-04,2,2
254,Seguimiento y Control,27 Casos Seguimiento y Control,SC_22,SC_22.3,"En caso de que la solicitud sea rechazada, se muestra el mensaje:",OK,Alto,,2026-10-11,2026-10-22,12,2026-09-17,2026-11-04,3,4
257,Seguimiento y Control,27 Casos Seguimiento y Control,SC_23,SC_23.2,Usuario sin permisos: el sistema detecta que el usuario no tiene el rol requerid,OK,Alto,,2026-10-11,2026-11-03,24,2026-09-17,2026-11-04,2,2
271,Seguimiento y Control,27 Casos Seguimiento y Control,SC_26,SC_26.2,Se puede descargar la información de la tabla.,OK,Alto,ALTA,2026-10-11,2026-11-03,24,2026-09-17,2026-11-04,2,2
274,Seguimiento y Control,27 Casos Seguimiento y Control,SC_27,SC_27.3,"Si se intenta guardar un registro duplicado, el sistema muestra un mensaje: “Ya ",OK,Bajo,ALTA,2026-10-11,2026-10-22,12,2026-09-17,2026-11-04,3,4
278,Seguimiento y Control,27 Casos Seguimiento y Control,SC_29,SC_29.2,"Al hacer clic en botón ""Editar"" en un modelo en Uso, se muestra modal con encabe",OK,Alto,ALTA,2026-10-11,2026-11-03,24,2026-09-17,2026-11-04,2,2
281,Seguimiento y Control,27 Casos Seguimiento y Control,SC_30,SC_30.2,"Al completar los campos obligatorios y presionar el botón guardar, se calcula la",OK,Alto,30.2,2026-10-11,2026-10-22,12,2026-09-17,2026-11-04,3,4
284,Seguimiento y Control,27 Casos Seguimiento y Control,SC_31,SC_31.2,Si un usuario tiene un rol diferente a GRM_RESPO_SEG_APROBADOR no puede tener vi,NOK,Alto,31.2,2026-10-11,2026-11-03,24,2026-09-17,2026-11-04,2,2
289,Seguimiento y Control,27 Casos Seguimiento y Control,SC_35,SC_35.2,Es posible completar los campos obligatorios y guardar el formulario,OK,Alto,ALTA,2026-10-11,2026-11-03,24,2026-09-17,2026-11-04,2,2
298,Seguimiento y Control,27 Casos Seguimiento y Control,SC_38,SC_38.3,"Para poder crear la prórroga, el sistema valida los siguientes puntos:",OK,Alto,,2026-10-11,2026-10-22,12,2026-09-17,2026-11-04,3,4
305,Seguimiento y Control,27 Casos Seguimiento y Control,SC_41,SC_41.2,"Al hacer clic en ""Nueva Solicitud"", se puede completar con la justificación y pl",POSTERGADA A GARANTÍA,Alto,ALTA,2026-10-11,2026-11-03,24,2026-09-17,2026-11-04,2,2
307,Seguimiento y Control,27 Casos Seguimiento y Control,SC_42,SC_42.2,"Tras presionar “Solicitar”, el sistema registra la solicitud y envía a revisión.",POSTERGADA A GARANTÍA,Alto,ALTA,2026-10-11,2026-11-03,24,2026-09-17,2026-11-04,2,2
309,Seguimiento y Control,27 Casos Seguimiento y Control,SC_43,SC_43.2,La grilla de FES muestra los siguientes campos:,OK,Alto,MEDIA,2026-10-11,2026-11-03,24,2026-09-17,2026-11-04,2,2
191,Seguimiento y Control,27 Casos Seguimiento y Control,SC_5,SC_5.3,"En mantenedor se debe poder agregar nuevos correos, editar los existentes o acti",OK,Alto,,2026-10-11,2026-10-22,12,2026-09-17,2026-11-04,3,4
195,Seguimiento y Control,27 Casos Seguimiento y Control,SC_7,SC_7.2,Todos los campos de la Cabecera son Solo Lectura (Excepto el botón Enviar a Segu,OK,Alto,,2026-10-11,2026-11-03,24,2026-09-17,2026-11-04,2,2
199,Seguimiento y Control,27 Casos Seguimiento y Control,SC_8,SC_8.4,El sistema debe validar que el tamaño del archivo no exceda los 10 MB. En caso c,OK CON OBS.,Alto,8.4,2026-10-11,2026-10-18,8,2026-09-17,2026-11-04,4,6
267,Seguimiento y Control,27 Casos Seguimiento y Control,SC_25,SC_25.5,"Si el sistema detecta que los datos son inválidos, se muestra error al cargar la",OK,Medio,,2026-10-14,2026-10-20,7,2026-09-17,2026-11-04,5,7
183,Seguimiento y Control,27 Casos Seguimiento y Control,SC_3,SC_3.5,Todos los Modelos de Riesgo de Crédito (TIPO Modelo y Familia Riesgo CREDITO) se,N/A,Alto,,2026-10-14,2026-10-20,7,2026-09-17,2026-11-04,5,7
215,Seguimiento y Control,27 Casos Seguimiento y Control,SC_12,SC_12.4,El sistema no debe permitir visualización de este módulo a usuarios sin permisos,OK,Alto,,2026-10-15,2026-10-24,10,2026-09-17,2026-11-04,4,5
237,Seguimiento y Control,27 Casos Seguimiento y Control,SC_17,SC_17.4,"Si se presiona enviar, teniendo todos lo campos obligatorios completados, se eje",OK,Alto,ALTA,2026-10-15,2026-10-24,10,2026-09-17,2026-11-04,4,5
248,Seguimiento y Control,27 Casos Seguimiento y Control,SC_20,SC_20.4,"Al presionar solicitar, el sistema valida campos obligatorios y se registra la s",OK,Alto,ALTA,2026-10-15,2026-10-24,10,2026-09-17,2026-11-04,4,5
261,Seguimiento y Control,27 Casos Seguimiento y Control,SC_24,SC_24.4,La estructura del archivo (columnas) debe coincidir con la plantilla esperada.,POSTERGADA A GARANTÍA,Alto,ALTA,2026-10-15,2026-10-24,10,2026-09-17,2026-11-04,4,5
316,Seguimiento y Control,27 Casos Seguimiento y Control,SC_45,SC_45.4,El sistema sólo permite visulización del módulo a usuarios con permisos (GRM_REV,OK,Alto,,2026-10-15,2026-10-24,10,2026-09-17,2026-11-04,4,5
205,Seguimiento y Control,27 Casos Seguimiento y Control,SC_9,SC_9.4,El sistema debe validar el formato (Excel) y el tamaño máximo del archivo (10 MB,OK,Medio,,2026-10-15,2026-10-24,10,2026-09-17,2026-11-04,4,5
209,Seguimiento y Control,27 Casos Seguimiento y Control,SC_10,SC_10.3,"Todos los campos son sólo lectura, excepto el Switch Responsable de Seguimiento",OK,Alto,ALTA,2026-10-19,2026-11-03,16,2026-09-17,2026-11-04,3,3
221,Seguimiento y Control,27 Casos Seguimiento y Control,SC_13,SC_13.5,Usuarios sin permisos no deben moder activar/desactivar el switch.,OK,Alto,ALTA,2026-10-19,2026-10-26,8,2026-09-17,2026-11-04,5,6
227,Seguimiento y Control,27 Casos Seguimiento y Control,SC_14,SC_14.5,"Se permite visualizar una descripción detallada de Calificación de Seguimiento, ",OK,Alto,,2026-10-19,2026-10-26,8,2026-09-17,2026-11-04,5,6
241,Seguimiento y Control,27 Casos Seguimiento y Control,SC_18,SC_18.3,"El sistema guarda la selección, se aplica automáticamente la fórmula o validació",OK,Alto,,2026-10-19,2026-11-03,16,2026-09-17,2026-11-04,3,3
244,Seguimiento y Control,27 Casos Seguimiento y Control,SC_19,SC_19.4,El menú de mantenedor sólo se muestra a usuario con rol Administrador.,OK,Bajo,,2026-10-19,2026-11-03,16,2026-09-17,2026-11-04,3,3
292,Seguimiento y Control,27 Casos Seguimiento y Control,SC_36,SC_36.3,"El sistema monitorea las fechas automáticamente y cambia a ""Atrasada"" si alguna ",OK,Alto,,2026-10-19,2026-11-03,16,2026-09-17,2026-11-04,3,3
295,Seguimiento y Control,27 Casos Seguimiento y Control,SC_37,SC_37.3,"En futuros registros del mismo modelo, el campo Calificación aparece pre-cargado",N/A,Alto,,2026-10-19,2026-11-03,16,2026-09-17,2026-11-04,3,3
188,Seguimiento y Control,27 Casos Seguimiento y Control,SC_4,SC_4.3,El correo enviado sigue el formato descrito en el documento TOBE:,OK,Alto,,2026-10-19,2026-11-03,16,2026-09-17,2026-11-04,3,3
303,Seguimiento y Control,27 Casos Seguimiento y Control,SC_40,SC_40.3,"El ícono permanece visible en Todos los registros futuros del modelo, no desapar",OK,Alto,,2026-10-19,2026-11-03,16,2026-09-17,2026-11-04,3,3
312,Seguimiento y Control,27 Casos Seguimiento y Control,SC_44,SC_44.3,El sistema muestra las siguientes alertas:,OK,Alto,,2026-10-19,2026-11-03,16,2026-09-17,2026-11-04,3,3
321,Seguimiento y Control,27 Casos Seguimiento y Control,SC_47,SC_47.3,El sistema muestra las siguientes alertas:,OK,Alto,,2026-10-19,2026-11-03,16,2026-09-17,2026-11-04,3,3
200,Seguimiento y Control,27 Casos Seguimiento y Control,SC_8,SC_8.5,El sistema muestra las siguientes Alertas:,OK,Alto,ALTA,2026-10-19,2026-10-26,8,2026-09-17,2026-11-04,5,6
268,Seguimiento y Control,27 Casos Seguimiento y Control,SC_25,SC_25.6,"Al intentar cargar un archivo duplicado, se muestra alerta: “Ya existe un regist",OK,Medio,,2026-10-21,2026-10-27,7,2026-09-17,2026-11-04,6,7
184,Seguimiento y Control,27 Casos Seguimiento y Control,SC_3,SC_3.6,Cuando el modelo pasa a Caducidad se “oculta” el Modelo. También se “oculta” cua,OK,Alto,,2026-10-21,2026-10-27,7,2026-09-17,2026-11-04,6,7
232,Seguimiento y Control,27 Casos Seguimiento y Control,SC_15,SC_15.4,Sólo los perfiles GRM_REVISOR y GRM_ADMINISTRADOR pueden realizar esta acción. E,OK,Alto,,2026-10-23,2026-11-03,12,2026-09-17,2026-11-04,4,4
178,Seguimiento y Control,27 Casos Seguimiento y Control,SC_2,SC_2.5,"Si se desactiva la etapa ""En uso"", no se deben visualizar Registros de Control",POSTERGADA A GARANTÍA,Alto,,2026-10-23,2026-11-03,12,2026-09-17,2026-11-04,4,4
255,Seguimiento y Control,27 Casos Seguimiento y Control,SC_22,SC_22.4,Usuario sin permisos: el sistema detecta que el usuario no tiene el rol requerid,OK,Alto,,2026-10-23,2026-11-03,12,2026-09-17,2026-11-04,4,4
275,Seguimiento y Control,27 Casos Seguimiento y Control,SC_27,SC_27.4,Las alertas que muestra el sistema son:,OK,Bajo,ALTA,2026-10-23,2026-11-03,12,2026-09-17,2026-11-04,4,4
282,Seguimiento y Control,27 Casos Seguimiento y Control,SC_30,SC_30.3,Se respetan los roles especiales:,OK,Alto,ALTA,2026-10-23,2026-11-03,12,2026-09-17,2026-11-04,4,4
299,Seguimiento y Control,27 Casos Seguimiento y Control,SC_38,SC_38.4,El sistema muestra las siguientes alertas:,POSTERGADA A GARANTÍA,Alto,,2026-10-23,2026-11-03,12,2026-09-17,2026-11-04,4,4
192,Seguimiento y Control,27 Casos Seguimiento y Control,SC_5,SC_5.4,El sistema muestra las siguientes Alertas:,OK,Alto,,2026-10-23,2026-11-03,12,2026-09-17,2026-11-04,4,4
216,Seguimiento y Control,27 Casos Seguimiento y Control,SC_12,SC_12.5,"Si se intenta agregar un registro duplicado, el sistema muestra mensaje “Ya exis",OK,Alto,,2026-10-25,2026-11-03,10,2026-09-17,2026-11-04,5,5
238,Seguimiento y Control,27 Casos Seguimiento y Control,SC_17,SC_17.5,"Si se presiona el botón Guardar o Enviar, y se tienen campos obligatorios vacíos",OK,Alto,,2026-10-25,2026-11-03,10,2026-09-17,2026-11-04,5,5
249,Seguimiento y Control,27 Casos Seguimiento y Control,SC_20,SC_20.5,Otras alertas correspondientes a cada caso:,OK,Alto,ALTA,2026-10-25,2026-11-03,10,2026-09-17,2026-11-04,5,5
262,Seguimiento y Control,27 Casos Seguimiento y Control,SC_24,SC_24.5,El sistema muestra las siguientes alertas:,POSTERGADA A GARANTÍA,Alto,ALTA,2026-10-25,2026-11-03,10,2026-09-17,2026-11-04,5,5
317,Seguimiento y Control,27 Casos Seguimiento y Control,SC_45,SC_45.5,El sistema muestra las siguientes alertas:},OK,Alto,,2026-10-25,2026-11-03,10,2026-09-17,2026-11-04,5,5
206,Seguimiento y Control,27 Casos Seguimiento y Control,SC_9,SC_9.5,El sistema muestra las siguientes Alertas:,OK,Medio,,2026-10-25,2026-11-03,10,2026-09-17,2026-11-04,5,5
222,Seguimiento y Control,27 Casos Seguimiento y Control,SC_13,SC_13.6,La cantidad de registros de control y seguimiento depende de la cantidad de expo,OK,Alto,,2026-10-27,2026-11-03,8,2026-09-17,2026-11-04,6,6
228,Seguimiento y Control,27 Casos Seguimiento y Control,SC_14,SC_14.6,"El campo permanece actualizado automáticamente según el estado del modelo, sin n",OK,Alto,,2026-10-27,2026-11-03,8,2026-09-17,2026-11-04,6,6
201,Seguimiento y Control,27 Casos Seguimiento y Control,SC_8,SC_8.6,"Dentro de la plantilla que se sube, se deben tener las mismas columnas para los ",POSTERGADA A GARANTÍA,Alto,ALTA,2026-10-27,2026-11-03,8,2026-09-17,2026-11-04,6,6
269,Seguimiento y Control,27 Casos Seguimiento y Control,SC_25,SC_25.7,Las alertas que muestra el sistema son:,OK,Medio,,2026-10-28,2026-11-03,7,2026-09-17,2026-11-04,7,7
185,Seguimiento y Control,27 Casos Seguimiento y Control,SC_3,SC_3.7,Todos los modelos deben tener su seguimiento y control respectivos.,NOK,Alto,3.7,2026-10-28,2026-11-03,7,2026-09-17,2026-11-04,7,7
578,Mejoras Transversales,47 Casos Mejoras trasnversales,MT_1,MT_1-2.1,"El usuario con rol Administrador puede acceder al mantenedor de banner, visualiz",OK,Alta,,2026-09-23,2026-11-30,69,2026-09-23,2026-12-01,1,1
579,Mejoras Transversales,47 Casos Mejoras trasnversales,MT_2,MT_1-2.2,El sistema permite cargar o actualizar la imagen del banner validando formatos p,OK,Alta,,2026-09-23,2026-10-05,13,2026-09-23,2026-12-01,1,5
605,Mejoras Transversales,47 Casos Mejoras trasnversales,MT_10,MT_10.1,"Al realizar una búsqueda de modelos, el sistema muestra la columna Familia en lo",OK,Baja,MEDIA,2026-09-23,2026-10-05,13,2026-09-23,2026-12-01,1,5
610,Mejoras Transversales,47 Casos Mejoras trasnversales,MT_11,MT_11.1,El administrador puede acceder al mantenedor de configuración de columnas y visu,POSTERGADA A GARANTÍA,Baja,,2026-09-23,2026-10-05,13,2026-09-23,2026-12-01,1,5
615,Mejoras Transversales,47 Casos Mejoras trasnversales,MT_12,MT_12.1,El usuario puede acceder a la configuración de notificaciones y seleccionar cuál,N/A,Baja,,2026-09-23,2026-10-05,13,2026-09-23,2026-12-01,1,5
620,Mejoras Transversales,47 Casos Mejoras trasnversales,MT_13,MT_13.1,El sistema ejecuta automáticamente el proceso de envío de correos el primer día ,OK,Baja,,2026-09-23,2026-10-03,11,2026-09-23,2026-12-01,1,6
626,Mejoras Transversales,47 Casos Mejoras trasnversales,MT_14,MT_14.1,El sistema ejecuta automáticamente el job de envío de correos el primer día hábi,OK,Baja,,2026-09-23,2026-10-05,13,2026-09-23,2026-12-01,1,5
631,Mejoras Transversales,47 Casos Mejoras trasnversales,MT_15,MT_15.1,El sistema ejecuta automáticamente el job de envío de correos el primer día hábi,NOK,Baja,NOOK,2026-09-23,2026-10-09,17,2026-09-23,2026-12-01,1,4
635,Mejoras Transversales,47 Casos Mejoras trasnversales,MT_16,MT_16.1,El sistema ejecuta automáticamente el job de envío de correos el primer día hábi,OK,Baja,,2026-09-23,2026-10-05,13,2026-09-23,2026-12-01,1,5
640,Mejoras Transversales,47 Casos Mejoras trasnversales,MT_17,MT_17.1,DESESTIMADA,,Baja,,2026-09-23,2026-11-30,69,2026-09-23,2026-12-01,1,1
641,Mejoras Transversales,47 Casos Mejoras trasnversales,MT_18,MT_18.1,DESESTIMADA,,Alta,,2026-09-23,2026-11-30,69,2026-09-23,2026-12-01,1,1
642,Mejoras Transversales,47 Casos Mejoras trasnversales,MT_19,MT_19.1,El usuario con rol Administrador puede ejecutar la opción de eliminación sobre d,POSTERGADA A GARANTÍA,Media,,2026-09-23,2026-10-09,17,2026-09-23,2026-12-01,1,4
646,Mejoras Transversales,47 Casos Mejoras trasnversales,MT_20,MT_20.1,"Una vez finalizado el formulario de prórroga, el sistema permite generar y desca",,Baja,,2026-09-23,2026-10-09,17,2026-09-23,2026-12-01,1,4
650,Mejoras Transversales,47 Casos Mejoras trasnversales,MT_21,MT_21.1,"Una vez completado y guardado el formulario de prórroga, el sistema permite gene",POSTERGADA A GARANTÍA,Baja,,2026-09-23,2026-10-09,17,2026-09-23,2026-12-01,1,4
654,Mejoras Transversales,47 Casos Mejoras trasnversales,MT_22,MT_22.1,El usuario con rol Administrador puede acceder al módulo de visualización de log,N/A,Media,,2026-09-23,2026-10-05,13,2026-09-23,2026-12-01,1,5
659,Mejoras Transversales,47 Casos Mejoras trasnversales,MT_23,MT_23.1,"El sistema muestra un contador de caracteres en los campos de texto (simples, te",N/A,Media,,2026-09-23,2026-10-09,17,2026-09-23,2026-12-01,1,4
663,Mejoras Transversales,47 Casos Mejoras trasnversales,MT_24,MT_24.1,El usuario puede seleccionar una o más notificaciones mediante checkboxes y ejec,,Baja,,2026-09-23,2026-10-09,17,2026-09-23,2026-12-01,1,4
667,Mejoras Transversales,47 Casos Mejoras trasnversales,MT_25,MT_25.1,El sistema muestra un tooltip descriptivo al posicionar el cursor sobre el ícono,POSTERGADA A GARANTÍA,Baja,,2026-09-23,2026-10-09,17,2026-09-23,2026-12-01,1,4
671,Mejoras Transversales,47 Casos Mejoras trasnversales,MT_26,MT_26.1,El sistema muestra las fechas en las tablas y reportes con formato visual MM-AAA,POSTERGADA A GARANTÍA,Media,,2026-09-23,2026-10-09,17,2026-09-23,2026-12-01,1,4
675,Mejoras Transversales,47 Casos Mejoras trasnversales,MT_27,MT_27.1,"Cuando se genera una notificación relacionada a observaciones en validación, el ",POSTERGADA A GARANTÍA,Baja,,2026-09-23,2026-10-09,17,2026-09-23,2026-12-01,1,4
679,Mejoras Transversales,47 Casos Mejoras trasnversales,MT_28,MT_28.1,DESESTIMADA,N/A,Baja,,2026-09-23,2026-11-30,69,2026-09-23,2026-12-01,1,1
680,Mejoras Transversales,47 Casos Mejoras trasnversales,MT_29,MT_29.1,El sistema permite pausar una validación continua asociada a un modelo en estado,POSTERGADA A GARANTÍA,Alta,,2026-09-23,2026-10-05,13,2026-09-23,2026-12-01,1,5
584,Mejoras Transversales,47 Casos Mejoras trasnversales,MT_3,MT_3.1,El sistema muestra el menú de navegación lateral y superior con la nueva estruct,OK,Alta,ALTA,2026-09-23,2026-10-09,17,2026-09-23,2026-12-01,1,4
685,Mejoras Transversales,47 Casos Mejoras trasnversales,MT_30,MT_30.1,El sistema detecta la modificación de una familia o subfamilia y actualiza autom,,Alta,,2026-09-23,2026-10-09,17,2026-09-23,2026-12-01,1,4
689,Mejoras Transversales,47 Casos Mejoras trasnversales,MT_31,MT_31.1,El sistema genera obligatoriamente un snapshot de respaldo antes de permitir la ,,Alta,,2026-09-23,2026-10-03,11,2026-09-23,2026-12-01,1,6
695,Mejoras Transversales,47 Casos Mejoras trasnversales,MT_32,MT_32.1,El sistema muestra un mensaje de confirmación de cierre al intentar salir de un ,POSTERGADA A GARANTÍA,Baja,,2026-09-23,2026-10-15,23,2026-09-23,2026-12-01,1,3
698,Mejoras Transversales,47 Casos Mejoras trasnversales,MT_33,MT_33.1,El sistema muestra dinámicamente un nuevo campo adicional en el formulario corre,POSTERGADA A GARANTÍA,Baja,,2026-09-23,2026-10-09,17,2026-09-23,2026-12-01,1,4
702,Mejoras Transversales,47 Casos Mejoras trasnversales,MT_34,MT_34.1,El sistema permite registrar un Responsable de Explotación válido para un modelo,N/A,Alta,,2026-09-23,2026-10-15,23,2026-09-23,2026-12-01,1,3
705,Mejoras Transversales,47 Casos Mejoras trasnversales,MT_35,MT_35.1,El sistema permite seleccionar un Tipo de Enfoque válido definido en el mantened,,Alta,,2026-09-23,2026-10-15,23,2026-09-23,2026-12-01,1,3
708,Mejoras Transversales,47 Casos Mejoras trasnversales,MT_36,MT_36.1,"El sistema permite crear una plantilla de observación ingresando módulo, nombre,",,Media,,2026-09-23,2026-10-05,13,2026-09-23,2026-12-01,1,5
713,Mejoras Transversales,47 Casos Mejoras trasnversales,MT_37,MT_37.1,"Posicionar el cursor sobre el ícono ""?"" de un campo configurado y verificar que ",N/A,Media,,2026-09-23,2026-10-05,13,2026-09-23,2026-12-01,1,5
718,Mejoras Transversales,47 Casos Mejoras trasnversales,MT_38,MT_38.1,El sistema muestra todas las opciones del menú disponibles para el perfil GRM_AD,POSTERGADA A GARANTÍA,Baja,,2026-09-23,2026-10-26,34,2026-09-23,2026-12-01,1,2
720,Mejoras Transversales,47 Casos Mejoras trasnversales,MT_39,MT_39.1,El sistema permite activar la opción Piloto para un modelo en cualquier etapa,POSTERGADA A GARANTÍA,Media,,2026-09-23,2026-10-09,17,2026-09-23,2026-12-01,1,4
588,Mejoras Transversales,47 Casos Mejoras trasnversales,MT_4,MT_4.1,El sistema valida el perfil del usuario al intentar acceder a un módulo y permit,N/A,Alta,,2026-09-23,2026-10-03,11,2026-09-23,2026-12-01,1,6
594,Mejoras Transversales,47 Casos Mejoras trasnversales,MT_5,MT_5.1,DESESTIMADA,N/A,Baja,,2026-09-23,2026-11-30,69,2026-09-23,2026-12-01,1,1
595,Mejoras Transversales,47 Casos Mejoras trasnversales,MT_6,MT_6.1,DESESTIMADA,N/A,Baja,,2026-09-23,2026-11-30,69,2026-09-23,2026-12-01,1,1
596,Mejoras Transversales,47 Casos Mejoras trasnversales,MT_7,MT_7.1,DESESTIMADA,N/A,Baja,,2026-09-23,2026-11-30,69,2026-09-23,2026-12-01,1,1
597,Mejoras Transversales,47 Casos Mejoras trasnversales,MT_8,MT_8.1,"Al acceder a la página de inicio, el sistema no muestra la sección lateral de No",OK,Baja,,2026-09-23,2026-10-15,23,2026-09-23,2026-12-01,1,3
600,Mejoras Transversales,47 Casos Mejoras trasnversales,MT_9,MT_9.1,"Al acceder a la página de inicio, el sistema muestra el dashboard con gráficos y",OK,Baja,,2026-09-23,2026-10-05,13,2026-09-23,2026-12-01,1,5
621,Mejoras Transversales,47 Casos Mejoras trasnversales,MT_13,MT_13.2,El sistema identifica correctamente las observaciones de validación vigentes (no,OK,Baja,,2026-10-04,2026-10-15,12,2026-09-23,2026-12-01,2,6
690,Mejoras Transversales,47 Casos Mejoras trasnversales,MT_31,MT_31.2,El sistema aplica los valores actualizados del mantenedor a los registros creado,,Alta,,2026-10-04,2026-10-15,12,2026-09-23,2026-12-01,2,6
589,Mejoras Transversales,47 Casos Mejoras trasnversales,MT_4,MT_4.2,"Si el usuario intenta acceder a un módulo no autorizado, el sistema bloquea el a",N/A,Alta,,2026-10-04,2026-10-15,12,2026-09-23,2026-12-01,2,6
580,Mejoras Transversales,47 Casos Mejoras trasnversales,MT_2,MT_1-2.3,"El sistema valida los campos obligatorios (como título), impidiendo guardar la c",OK,Alta,,2026-10-06,2026-10-19,14,2026-09-23,2026-12-01,2,5
606,Mejoras Transversales,47 Casos Mejoras trasnversales,MT_10,MT_10.2,La columna Familia se visualiza consistentemente en todas las funcionalidades do,OK,Baja,MEDIA,2026-10-06,2026-10-19,14,2026-09-23,2026-12-01,2,5
611,Mejoras Transversales,47 Casos Mejoras trasnversales,MT_11,MT_11.2,"El administrador puede definir qué columnas se muestran en el buscador, configur",POSTERGADA A GARANTÍA,Baja,,2026-10-06,2026-10-19,14,2026-09-23,2026-12-01,2,5
616,Mejoras Transversales,47 Casos Mejoras trasnversales,MT_12,MT_12.2,El sistema guarda correctamente las preferencias de notificación por usuario y t,N/A,Baja,,2026-10-06,2026-10-19,14,2026-09-23,2026-12-01,2,5
627,Mejoras Transversales,47 Casos Mejoras trasnversales,MT_14,MT_14.2,El sistema identifica correctamente las observaciones de seguimiento vigentes co,NOK,Baja,NOOK,2026-10-06,2026-10-19,14,2026-09-23,2026-12-01,2,5
636,Mejoras Transversales,47 Casos Mejoras trasnversales,MT_16,MT_16.2,El sistema identifica correctamente las observaciones de Auditores y Regulador q,OK,Baja,,2026-10-06,2026-10-19,14,2026-09-23,2026-12-01,2,5
655,Mejoras Transversales,47 Casos Mejoras trasnversales,MT_22,MT_22.2,"El sistema permite realizar búsquedas y filtros sobre los logs (por tabla, ID de",N/A,Media,,2026-10-06,2026-10-19,14,2026-09-23,2026-12-01,2,5
681,Mejoras Transversales,47 Casos Mejoras trasnversales,MT_29,MT_29.2,"El sistema valida el ingreso del motivo de pausa antes de procesar la solicitud,",POSTERGADA A GARANTÍA,Alta,,2026-10-06,2026-10-19,14,2026-09-23,2026-12-01,2,5
709,Mejoras Transversales,47 Casos Mejoras trasnversales,MT_36,MT_36.2,El sistema actualiza correctamente la información de una plantilla de observació,,Media,,2026-10-06,2026-10-19,14,2026-09-23,2026-12-01,2,5
714,Mejoras Transversales,47 Casos Mejoras trasnversales,MT_37,MT_37.2,Configurar o modificar una descripción desde el mantenedor y validar que el tool,N/A,Media,,2026-10-06,2026-10-19,14,2026-09-23,2026-12-01,2,5
601,Mejoras Transversales,47 Casos Mejoras trasnversales,MT_9,MT_9.2,"Los gráficos (barras, dona u otros) muestran correctamente los valores asociados",OK,Baja,ALTA,2026-10-06,2026-10-19,14,2026-09-23,2026-12-01,2,5
632,Mejoras Transversales,47 Casos Mejoras trasnversales,MT_15,MT_15.2,El sistema genera el contenido del correo incluyendo las observaciones de contro,NOK,Baja,NOOK,2026-10-10,2026-10-26,17,2026-09-23,2026-12-01,2,4
643,Mejoras Transversales,47 Casos Mejoras trasnversales,MT_19,MT_19.3,"Los registros eliminados lógicamente dejan de mostrarse en todas las consultas, ",POSTERGADA A GARANTÍA,Media,,2026-10-10,2026-10-26,17,2026-09-23,2026-12-01,2,4
647,Mejoras Transversales,47 Casos Mejoras trasnversales,MT_20,MT_20.2,El sistema genera correctamente el documento de prórroga utilizando la plantilla,,Baja,,2026-10-10,2026-10-26,17,2026-09-23,2026-12-01,2,4
651,Mejoras Transversales,47 Casos Mejoras trasnversales,MT_21,MT_21.2,El sistema genera correctamente el documento utilizando la plantilla configurada,POSTERGADA A GARANTÍA,Baja,,2026-10-10,2026-10-26,17,2026-09-23,2026-12-01,2,4
660,Mejoras Transversales,47 Casos Mejoras trasnversales,MT_23,MT_23.2,El contador de caracteres se actualiza en tiempo real a medida que el usuario in,N/A,Media,,2026-10-10,2026-10-26,17,2026-09-23,2026-12-01,2,4
664,Mejoras Transversales,47 Casos Mejoras trasnversales,MT_24,MT_24.2,El sistema permite marcar todas las notificaciones como leídas en una sola acció,,Baja,,2026-10-10,2026-10-26,17,2026-09-23,2026-12-01,2,4
668,Mejoras Transversales,47 Casos Mejoras trasnversales,MT_25,MT_25.2,"El contenido del tooltip se obtiene desde el mantenedor configurado, permitiendo",POSTERGADA A GARANTÍA,Baja,,2026-10-10,2026-10-26,17,2026-09-23,2026-12-01,2,4
672,Mejoras Transversales,47 Casos Mejoras trasnversales,MT_26,MT_26.2,El sistema mantiene el formato completo de fecha (DD/MM/YYYY u otro original) en,POSTERGADA A GARANTÍA,Media,,2026-10-10,2026-10-26,17,2026-09-23,2026-12-01,2,4
676,Mejoras Transversales,47 Casos Mejoras trasnversales,MT_27,MT_27.2,"El sistema mantiene los destinatarios originales de la notificación, evitando af",POSTERGADA A GARANTÍA,Baja,,2026-10-10,2026-10-26,17,2026-09-23,2026-12-01,2,4
585,Mejoras Transversales,47 Casos Mejoras trasnversales,MT_3,MT_3.2,"Cada opción del menú redirige correctamente a la funcionalidad correspondiente, ",OK,Alta,,2026-10-10,2026-10-26,17,2026-09-23,2026-12-01,2,4
686,Mejoras Transversales,47 Casos Mejoras trasnversales,MT_30,MT_30.2,"El sistema muestra la advertencia ""Se actualizarán X registros"" antes de ejecuta",,Alta,,2026-10-10,2026-10-26,17,2026-09-23,2026-12-01,2,4
699,Mejoras Transversales,47 Casos Mejoras trasnversales,MT_33,MT_33.2,El sistema oculta el campo adicional en el formulario configurado cuando el indi,POSTERGADA A GARANTÍA,Baja,,2026-10-10,2026-10-26,17,2026-09-23,2026-12-01,2,4
721,Mejoras Transversales,47 Casos Mejoras trasnversales,MT_39,MT_39.3,El sistema muestra el indicador de Piloto activo junto con la etapa seleccionada,POSTERGADA A GARANTÍA,Media,,2026-10-10,2026-10-26,17,2026-09-23,2026-12-01,2,4
622,Mejoras Transversales,47 Casos Mejoras trasnversales,MT_13,MT_13.3,El sistema genera el contenido del correo incluyendo la información de observaci,OK,Baja,,2026-10-16,2026-10-26,11,2026-09-23,2026-12-01,3,6
691,Mejoras Transversales,47 Casos Mejoras trasnversales,MT_31,MT_31.3,El sistema conserva los valores originales del mantenedor en los registros exist,,Alta,,2026-10-16,2026-10-26,11,2026-09-23,2026-12-01,3,6
696,Mejoras Transversales,47 Casos Mejoras trasnversales,MT_32,MT_32.2,El sistema mantiene abierto el formulario y conserva los cambios realizados cuan,POSTERGADA A GARANTÍA,Baja,,2026-10-16,2026-11-07,23,2026-09-23,2026-12-01,2,3
703,Mejoras Transversales,47 Casos Mejoras trasnversales,MT_34,MT_34.2,El sistema actualiza el Responsable de Explotación de un modelo cuando se modifi,N/A,Alta,,2026-10-16,2026-11-07,23,2026-09-23,2026-12-01,2,3
706,Mejoras Transversales,47 Casos Mejoras trasnversales,MT_35,MT_35.2,El sistema muestra únicamente los valores de Tipo de Enfoque definidos en el man,,Alta,,2026-10-16,2026-11-07,23,2026-09-23,2026-12-01,2,3
590,Mejoras Transversales,47 Casos Mejoras trasnversales,MT_4,MT_4.3,El sistema evalúa correctamente la asignación de perfiles del usuario y aplica l,N/A,Alta,,2026-10-16,2026-10-26,11,2026-09-23,2026-12-01,3,6
598,Mejoras Transversales,47 Casos Mejoras trasnversales,MT_8,MT_8.2,La eliminación de la sección de noticias se aplica para todos los perfiles de us,OK,Baja,,2026-10-16,2026-11-07,23,2026-09-23,2026-12-01,2,3
581,Mejoras Transversales,47 Casos Mejoras trasnversales,MT_2,MT_1-2.4,"Al guardar cambios válidos, el sistema actualiza la información en la tabla corr",OK,Alta,,2026-10-20,2026-11-02,14,2026-09-23,2026-12-01,3,5
607,Mejoras Transversales,47 Casos Mejoras trasnversales,MT_10,MT_10.3,"Las descargas de tablas incluyen correctamente la columna Familia, reflejando la",OK,Baja,MEDIA,2026-10-20,2026-11-02,14,2026-09-23,2026-12-01,3,5
612,Mejoras Transversales,47 Casos Mejoras trasnversales,MT_11,MT_11.3,"El sistema aplica correctamente la configuración definida, mostrando las columna",POSTERGADA A GARANTÍA,Baja,,2026-10-20,2026-11-02,14,2026-09-23,2026-12-01,3,5
617,Mejoras Transversales,47 Casos Mejoras trasnversales,MT_12,MT_12.3,"Cuando ocurre una notificación configurada para envío por correo, el sistema env",N/A,Baja,,2026-10-20,2026-11-02,14,2026-09-23,2026-12-01,3,5
628,Mejoras Transversales,47 Casos Mejoras trasnversales,MT_14,MT_14.3,El sistema genera el contenido del correo incluyendo las observaciones de seguim,NOK,Baja,NOOK,2026-10-20,2026-11-02,14,2026-09-23,2026-12-01,3,5
637,Mejoras Transversales,47 Casos Mejoras trasnversales,MT_16,MT_16.3,El sistema genera el contenido del correo incluyendo las observaciones de audito,OK,Baja,,2026-10-20,2026-11-02,14,2026-09-23,2026-12-01,3,5
656,Mejoras Transversales,47 Casos Mejoras trasnversales,MT_22,MT_22.3,"El sistema muestra el detalle completo de cada cambio, incluyendo acción realiza",N/A,Media,,2026-10-20,2026-11-02,14,2026-09-23,2026-12-01,3,5
682,Mejoras Transversales,47 Casos Mejoras trasnversales,MT_29,MT_29.3,"El sistema muestra la advertencia ""Validación ya está pausada"" cuando se intenta",POSTERGADA A GARANTÍA,Alta,,2026-10-20,2026-11-02,14,2026-09-23,2026-12-01,3,5
710,Mejoras Transversales,47 Casos Mejoras trasnversales,MT_36,MT_36.3,El sistema valida la unicidad del nombre de la plantilla dentro del mismo módulo,,Media,,2026-10-20,2026-11-02,14,2026-09-23,2026-12-01,3,5
715,Mejoras Transversales,47 Casos Mejoras trasnversales,MT_37,MT_37.3,Verificar que un campo sin descripción activa no muestre contenido distinto al c,N/A,Media,,2026-10-20,2026-11-02,14,2026-09-23,2026-12-01,3,5
602,Mejoras Transversales,47 Casos Mejoras trasnversales,MT_9,MT_9.3,El sistema actualiza los datos de los gráficos automáticamente al cargar la pági,OK,Baja,,2026-10-20,2026-11-02,14,2026-09-23,2026-12-01,3,5
623,Mejoras Transversales,47 Casos Mejoras trasnversales,MT_13,MT_13.4,"El sistema envía el correo a los usuarios con rol GRM_REVISOR, asegurando que lo",OK,Baja,,2026-10-27,2026-11-07,12,2026-09-23,2026-12-01,4,6
633,Mejoras Transversales,47 Casos Mejoras trasnversales,MT_15,MT_15.3,"El sistema envía el correo a los usuarios con rol GRM_REVISOR, asegurando la cor",OK,Baja,,2026-10-27,2026-11-12,17,2026-09-23,2026-12-01,3,4
644,Mejoras Transversales,47 Casos Mejoras trasnversales,MT_19,MT_19.4,"El sistema valida restricciones de negocio antes de eliminar, evitando la operac",POSTERGADA A GARANTÍA,Media,,2026-10-27,2026-11-12,17,2026-09-23,2026-12-01,3,4
648,Mejoras Transversales,47 Casos Mejoras trasnversales,MT_20,MT_20.3,El sistema permite descargar el documento en los formatos disponibles (HTML y/o ,,Baja,,2026-10-27,2026-11-12,17,2026-09-23,2026-12-01,3,4
652,Mejoras Transversales,47 Casos Mejoras trasnversales,MT_21,MT_21.3,"El sistema permite descargar el documento en los formatos disponibles (HTML, PDF",POSTERGADA A GARANTÍA,Baja,,2026-10-27,2026-11-12,17,2026-09-23,2026-12-01,3,4
661,Mejoras Transversales,47 Casos Mejoras trasnversales,MT_23,MT_23.3,"El sistema mantiene la funcionalidad existente de los formularios, validando tam",N/A,Media,,2026-10-27,2026-11-12,17,2026-09-23,2026-12-01,3,4
665,Mejoras Transversales,47 Casos Mejoras trasnversales,MT_24,MT_24.3,El sistema valida que las notificaciones seleccionadas pertenezcan al usuario au,,Baja,,2026-10-27,2026-11-12,17,2026-09-23,2026-12-01,3,4
669,Mejoras Transversales,47 Casos Mejoras trasnversales,MT_25,MT_25.3,El sistema muestra correctamente los tooltips en distintos tipos de campos (text,POSTERGADA A GARANTÍA,Baja,,2026-10-27,2026-11-12,17,2026-09-23,2026-12-01,3,4
673,Mejoras Transversales,47 Casos Mejoras trasnversales,MT_26,MT_26.3,"El sistema aplica el formato únicamente a nivel visual, sin alterar el valor rea",POSTERGADA A GARANTÍA,Media,,2026-10-27,2026-11-12,17,2026-09-23,2026-12-01,3,4
677,Mejoras Transversales,47 Casos Mejoras trasnversales,MT_27,MT_27.3,El sistema evita la generación de notificaciones duplicadas al incluir al reviso,POSTERGADA A GARANTÍA,Baja,,2026-10-27,2026-11-12,17,2026-09-23,2026-12-01,3,4
586,Mejoras Transversales,47 Casos Mejoras trasnversales,MT_3,MT_3.3,"Los breadcrumbs (Rutas de navegación) se actualizan correctamente, reflejando la",OK,Alta,,2026-10-27,2026-11-12,17,2026-09-23,2026-12-01,3,4
687,Mejoras Transversales,47 Casos Mejoras trasnversales,MT_30,MT_30.3,"El sistema informa el mensaje ""X registros actualizados"" al finalizar exitosamen",,Alta,,2026-10-27,2026-11-12,17,2026-09-23,2026-12-01,3,4
692,Mejoras Transversales,47 Casos Mejoras trasnversales,MT_31,MT_31.4,"El sistema muestra la advertencia ""Snapshot realizado. Cambios no afectarán regi",,Alta,,2026-10-27,2026-11-07,12,2026-09-23,2026-12-01,4,6
700,Mejoras Transversales,47 Casos Mejoras trasnversales,MT_33,MT_33.3,El sistema almacena correctamente la información ingresada en un campo adicional,POSTERGADA A GARANTÍA,Baja,,2026-10-27,2026-11-12,17,2026-09-23,2026-12-01,3,4
719,Mejoras Transversales,47 Casos Mejoras trasnversales,MT_38,MT_38.2,"El sistema muestra todos los módulos, pantallas y funcionalidades disponibles al",POSTERGADA A GARANTÍA,Baja,,2026-10-27,2026-11-30,35,2026-09-23,2026-12-01,2,2
722,Mejoras Transversales,47 Casos Mejoras trasnversales,MT_39,MT_39.4,El sistema permite desactivar la opción Piloto de un modelo previamente configur,POSTERGADA A GARANTÍA,Media,,2026-10-27,2026-11-12,17,2026-09-23,2026-12-01,3,4
591,Mejoras Transversales,47 Casos Mejoras trasnversales,MT_4,MT_4.4,"El sistema registra los intentos de acceso denegado, permitiendo trazabilidad de",N/A,Alta,,2026-10-27,2026-11-07,12,2026-09-23,2026-12-01,4,6
582,Mejoras Transversales,47 Casos Mejoras trasnversales,MT_2,MT_1-2.5,"El sistema presenta una vista previa del banner antes de guardar, permitiendo va",N/A,Alta,,2026-11-03,2026-11-16,14,2026-09-23,2026-12-01,4,5
608,Mejoras Transversales,47 Casos Mejoras trasnversales,MT_10,MT_10.4,El sistema permite utilizar la columna Familia como criterio de filtrado cuando ,OK,Baja,,2026-11-03,2026-11-16,14,2026-09-23,2026-12-01,4,5
613,Mejoras Transversales,47 Casos Mejoras trasnversales,MT_11,MT_11.4,El sistema valida que al menos una columna esté visible y que el orden definido ,POSTERGADA A GARANTÍA,Baja,,2026-11-03,2026-11-16,14,2026-09-23,2026-12-01,4,5
618,Mejoras Transversales,47 Casos Mejoras trasnversales,MT_12,MT_12.4,"El sistema respeta las preferencias configuradas, evitando el envío de correos p",N/A,Baja,,2026-11-03,2026-11-16,14,2026-09-23,2026-12-01,4,5
629,Mejoras Transversales,47 Casos Mejoras trasnversales,MT_14,MT_14.4,"El sistema envía el correo a los usuarios con rol GRM_REVISOR, asegurando que lo",OK,Baja,,2026-11-03,2026-11-16,14,2026-09-23,2026-12-01,4,5
638,Mejoras Transversales,47 Casos Mejoras trasnversales,MT_16,MT_16.4,"El sistema envía el correo a los usuarios con rol GRM_REVISOR, asegurando la cor",OK,Baja,,2026-11-03,2026-11-16,14,2026-09-23,2026-12-01,4,5
657,Mejoras Transversales,47 Casos Mejoras trasnversales,MT_22,MT_22.4,El sistema permite exportar el historial de logs a formatos disponibles (Excel o,N/A,Media,,2026-11-03,2026-11-16,14,2026-09-23,2026-12-01,4,5
683,Mejoras Transversales,47 Casos Mejoras trasnversales,MT_29,MT_29.4,"El sistema permite reanudar una validación previamente pausada, reactivando corr",POSTERGADA A GARANTÍA,Alta,,2026-11-03,2026-11-16,14,2026-09-23,2026-12-01,4,5
711,Mejoras Transversales,47 Casos Mejoras trasnversales,MT_36,MT_36.4,"El sistema permite asociar archivos de plantilla en formatos válidos (RTF, HTML ",,Media,,2026-11-03,2026-11-16,14,2026-09-23,2026-12-01,4,5
716,Mejoras Transversales,47 Casos Mejoras trasnversales,MT_37,MT_37.4,Registrar una descripción con formato HTML básico permitido y validar que el too,N/A,Media,,2026-11-03,2026-11-16,14,2026-09-23,2026-12-01,4,5
603,Mejoras Transversales,47 Casos Mejoras trasnversales,MT_9,MT_9.4,El sistema mantiene tiempos de carga adecuados para la visualización de los gráf,OK,Baja,,2026-11-03,2026-11-16,14,2026-09-23,2026-12-01,4,5
624,Mejoras Transversales,47 Casos Mejoras trasnversales,MT_13,MT_13.5,El sistema registra correctamente cada envío en la tabla de log (MRM_LOG_ENVIO_C,OK,Baja,,2026-11-08,2026-11-18,11,2026-09-23,2026-12-01,5,6
693,Mejoras Transversales,47 Casos Mejoras trasnversales,MT_31,MT_31.5,"El sistema informa el mensaje ""Snapshot guardado, cambios aplicados"" al completa",,Alta,,2026-11-08,2026-11-18,11,2026-09-23,2026-12-01,5,6
697,Mejoras Transversales,47 Casos Mejoras trasnversales,MT_32,MT_32.3,El sistema cierra el formulario y descarta los cambios no guardados cuando el us,POSTERGADA A GARANTÍA,Baja,,2026-11-08,2026-11-30,23,2026-09-23,2026-12-01,3,3
704,Mejoras Transversales,47 Casos Mejoras trasnversales,MT_34,MT_34.3,Se visualiza el Responsable de Explotación del modelo en la tabla T_PPAL,N/A,Alta,,2026-11-08,2026-11-30,23,2026-09-23,2026-12-01,3,3
707,Mejoras Transversales,47 Casos Mejoras trasnversales,MT_35,MT_35.3,Se visualiza el Responsable de Explotación del modelo en la tabla T_OBS_VAL,,Alta,,2026-11-08,2026-11-30,23,2026-09-23,2026-12-01,3,3
592,Mejoras Transversales,47 Casos Mejoras trasnversales,MT_4,MT_4.5,"El sistema muestra únicamente los módulos autorizados en la navegación, ocultand",N/A,Alta,,2026-11-08,2026-11-18,11,2026-09-23,2026-12-01,5,6
599,Mejoras Transversales,47 Casos Mejoras trasnversales,MT_8,MT_8.3,"El sistema mantiene la coherencia del layout de la página tras la eliminación, a",OK,Baja,,2026-11-08,2026-11-30,23,2026-09-23,2026-12-01,3,3
634,Mejoras Transversales,47 Casos Mejoras trasnversales,MT_15,MT_15.4,"En caso de no existir observaciones de control por vencer, el sistema no envía c",OK,Baja,,2026-11-13,2026-11-30,18,2026-09-23,2026-12-01,4,4
645,Mejoras Transversales,47 Casos Mejoras trasnversales,MT_19,MT_19.5,"El sistema muestra los mensajes correspondientes al resultado de la operación, i",POSTERGADA A GARANTÍA,Media,,2026-11-13,2026-11-30,18,2026-09-23,2026-12-01,4,4
649,Mejoras Transversales,47 Casos Mejoras trasnversales,MT_20,MT_20.4,El sistema muestra el resultado del proceso mediante los mensajes correspondient,,Baja,,2026-11-13,2026-11-30,18,2026-09-23,2026-12-01,4,4
653,Mejoras Transversales,47 Casos Mejoras trasnversales,MT_21,MT_21.4,"El sistema muestra el resultado del proceso mediante el mensaje definido (""Docum",POSTERGADA A GARANTÍA,Baja,,2026-11-13,2026-11-30,18,2026-09-23,2026-12-01,4,4
662,Mejoras Transversales,47 Casos Mejoras trasnversales,MT_23,MT_23.4,El indicador visual (por ejemplo cambio de color u otra señalización) se comport,N/A,Media,,2026-11-13,2026-11-30,18,2026-09-23,2026-12-01,4,4
666,Mejoras Transversales,47 Casos Mejoras trasnversales,MT_24,MT_24.4,"El sistema muestra el resultado de la operación mediante el mensaje definido (""X",,Baja,,2026-11-13,2026-11-30,18,2026-09-23,2026-12-01,4,4
670,Mejoras Transversales,47 Casos Mejoras trasnversales,MT_25,MT_25.4,El sistema valida que el contenido del tooltip sea adecuado (no excesivamente la,POSTERGADA A GARANTÍA,Baja,,2026-11-13,2026-11-30,18,2026-09-23,2026-12-01,4,4
674,Mejoras Transversales,47 Casos Mejoras trasnversales,MT_26,MT_26.4,El sistema respeta las excepciones definidas (por ejemplo fechas con hora o camp,POSTERGADA A GARANTÍA,Media,,2026-11-13,2026-11-30,18,2026-09-23,2026-12-01,4,4
678,Mejoras Transversales,47 Casos Mejoras trasnversales,MT_27,MT_27.4,El revisor visualiza correctamente las notificaciones en la interfaz del sistema,POSTERGADA A GARANTÍA,Baja,,2026-11-13,2026-11-30,18,2026-09-23,2026-12-01,4,4
587,Mejoras Transversales,47 Casos Mejoras trasnversales,MT_3,MT_3.4,El sistema valida que los permisos de acceso por rol se mantengan correctamente ,OK,Alta,,2026-11-13,2026-11-30,18,2026-09-23,2026-12-01,4,4
688,Mejoras Transversales,47 Casos Mejoras trasnversales,MT_30,MT_30.4,El sistema revierte los cambios realizados durante el proceso de actualización e,,Alta,,2026-11-13,2026-11-30,18,2026-09-23,2026-12-01,4,4
701,Mejoras Transversales,47 Casos Mejoras trasnversales,MT_33,MT_33.4,"El sistema impide la creación de campos adicionales con nombres ya existentes, e",POSTERGADA A GARANTÍA,Baja,,2026-11-13,2026-11-30,18,2026-09-23,2026-12-01,4,4
723,Mejoras Transversales,47 Casos Mejoras trasnversales,MT_39,MT_39.5,La activación o desactivación del Piloto será reflejada en la tabla T_PPAL,POSTERGADA A GARANTÍA,Media,,2026-11-13,2026-11-30,18,2026-09-23,2026-12-01,4,4
583,Mejoras Transversales,47 Casos Mejoras trasnversales,MT_2,MT_1-2.6,"En caso de subir una imagen inválida o realizar cambios sin modificaciones, el s",OK,Alta,,2026-11-17,2026-11-30,14,2026-09-23,2026-12-01,5,5
609,Mejoras Transversales,47 Casos Mejoras trasnversales,MT_10,MT_10.5,"El sistema muestra el valor ""Sin asignar"" para aquellos modelos que no tengan fa",OK,Baja,MEDIA,2026-11-17,2026-11-30,14,2026-09-23,2026-12-01,5,5
614,Mejoras Transversales,47 Casos Mejoras trasnversales,MT_11,MT_11.5,El sistema refleja automáticamente los cambios realizados en la configuración al,POSTERGADA A GARANTÍA,Baja,,2026-11-17,2026-11-30,14,2026-09-23,2026-12-01,5,5
619,Mejoras Transversales,47 Casos Mejoras trasnversales,MT_12,MT_12.5,El sistema valida que el usuario tenga un correo electrónico válido en su perfil,N/A,Baja,,2026-11-17,2026-11-30,14,2026-09-23,2026-12-01,5,5
630,Mejoras Transversales,47 Casos Mejoras trasnversales,MT_14,MT_14.5,"En caso de no existir observaciones de seguimiento por vencer, el sistema no env",OK,Baja,,2026-11-17,2026-11-30,14,2026-09-23,2026-12-01,5,5
639,Mejoras Transversales,47 Casos Mejoras trasnversales,MT_16,MT_16.5,"En caso de no existir observaciones de auditoría por vencer, el sistema no envía",OK,Baja,,2026-11-17,2026-11-30,14,2026-09-23,2026-12-01,5,5
658,Mejoras Transversales,47 Casos Mejoras trasnversales,MT_22,MT_22.5,"En caso de no existir registros para los criterios de búsqueda, el sistema muest",N/A,Media,,2026-11-17,2026-11-30,14,2026-09-23,2026-12-01,5,5
684,Mejoras Transversales,47 Casos Mejoras trasnversales,MT_29,MT_29.5,El sistema restringe las acciones de pausa y reanudación de validaciones para us,POSTERGADA A GARANTÍA,Alta,,2026-11-17,2026-11-30,14,2026-09-23,2026-12-01,5,5
712,Mejoras Transversales,47 Casos Mejoras trasnversales,MT_36,MT_36.5,El sistema muestra la información configurada de una plantilla registrada y perm,,Media,,2026-11-17,2026-11-30,14,2026-09-23,2026-12-01,5,5
717,Mejoras Transversales,47 Casos Mejoras trasnversales,MT_37,MT_37.5,Acceder a distintos formularios de la aplicación y verificar que los campos conf,N/A,Media,,2026-11-17,2026-11-30,14,2026-09-23,2026-12-01,5,5
604,Mejoras Transversales,47 Casos Mejoras trasnversales,MT_9,MT_9.5,"En caso de no existir datos disponibles, el sistema muestra el mensaje ""No hay i",OK,Baja,,2026-11-17,2026-11-30,14,2026-09-23,2026-12-01,5,5
625,Mejoras Transversales,47 Casos Mejoras trasnversales,MT_13,MT_13.6,"En caso de no existir observaciones por vencer, el sistema no envía correo y reg",OK,Baja,,2026-11-19,2026-11-30,12,2026-09-23,2026-12-01,6,6
694,Mejoras Transversales,47 Casos Mejoras trasnversales,MT_31,MT_31.6,El sistema notifica el error ocurrido durante la generación del snapshot y evita,,Alta,,2026-11-19,2026-11-30,12,2026-09-23,2026-12-01,6,6
593,Mejoras Transversales,47 Casos Mejoras trasnversales,MT_4,MT_4.6,El sistema garantiza consistencia en la aplicación de permisos en todas las pági,N/A,Alta,,2026-11-19,2026-11-30,12,2026-09-23,2026-12-01,6,6
492,Información Inventario,4 Casos Información inventario - OK con OBS,II_1,II_1.1,"Al acceder al módulo Información del Inventario, el sistema muestra la página pr",OK,Alta,,2026-09-22,2026-09-22,1,2026-09-22,2026-09-29,1,4
523,Información Inventario,4 Casos Información inventario - OK con OBS,II_10,II_10.1,"Al ingresar a la pestaña Resumen, el sistema muestra la nota final de validación",OK,Medio,,2026-09-22,2026-09-22,1,2026-09-22,2026-09-29,1,4
527,Información Inventario,4 Casos Información inventario - OK con OBS,II_11,II_11.1,El sistema muestra los nombres de las componentes ERM utilizando la nueva nomenc,OK,Bajo,II_11.1,2026-09-22,2026-09-28,7,2026-09-22,2026-09-29,1,1
528,Información Inventario,4 Casos Información inventario - OK con OBS,II_12,II_12.1,El sistema muestra los componentes ERM utilizando colores asociados a cada clasi,OK,Bajo,,2026-09-22,2026-09-23,2,2026-09-22,2026-09-29,1,3
531,Información Inventario,4 Casos Información inventario - OK con OBS,II_13,II_13.1,"En la pestaña Resumen, el sistema muestra indicadores o componentes de validació",OK,Medio,,2026-09-22,2026-09-22,1,2026-09-22,2026-09-29,1,4
535,Información Inventario,4 Casos Información inventario - OK con OBS,II_14,II_14.1,El sistema muestra las componentes ERM agrupadas bajo la nueva clasificación def,OK,Alto,,2026-09-22,2026-09-24,3,2026-09-22,2026-09-29,1,2
537,Información Inventario,4 Casos Información inventario - OK con OBS,II_15,II_15.1,"Se eliminan los campos ""Nota Validación Desarrollo"" y ""Nota Validación Implement",OK,Alto,,2026-09-22,2026-09-28,7,2026-09-22,2026-09-29,1,1
538,Información Inventario,4 Casos Información inventario - OK con OBS,II_16,II_16.1,El sistema permite acceder al mantenedor de colores solo a usuarios con rol GRM_,N/A,Bajo,,2026-09-22,2026-09-22,1,2026-09-22,2026-09-29,1,6
544,Información Inventario,4 Casos Información inventario - OK con OBS,II_17,II_17.1,"Al acceder a la ventana ERM en la pestaña Resumen, el sistema muestra únicamente",OK,Medio,,2026-09-22,2026-09-24,3,2026-09-22,2026-09-29,1,2
496,Información Inventario,4 Casos Información inventario - OK con OBS,II_2,II_2.1,"Al ingresar a la pestaña Resumen, el sistema muestra el dashboard de visualizaci",OK,Alta,,2026-09-22,2026-09-24,3,2026-09-22,2026-09-29,1,2
498,Información Inventario,4 Casos Información inventario - OK con OBS,II_3,II_3.1,El sistema permite acceder a la funcionalidad de configuración de la tabla de in,N/A,Medio,,2026-09-22,2026-09-22,1,2026-09-22,2026-09-29,1,4
502,Información Inventario,4 Casos Información inventario - OK con OBS,II_4,II_4.1,"Al acceder a la pestaña Inventario, el sistema muestra la tabla de inventario ge",OK,Alta,,2026-09-22,2026-09-22,1,2026-09-22,2026-09-29,1,5
507,Información Inventario,4 Casos Información inventario - OK con OBS,II_5,II_5.1,"El sistema aplica correctamente los estilos definidos (encabezados, filas altern",OK,Bajo,,2026-09-22,2026-09-24,3,2026-09-22,2026-09-29,1,2
509,Información Inventario,4 Casos Información inventario - OK con OBS,II_6,II_6.1,Desestimada,N/A,Alta,,2026-09-22,2026-09-28,7,2026-09-22,2026-09-29,1,1
510,Información Inventario,4 Casos Información inventario - OK con OBS,II_7,II_7.1,El sistema permite el acceso al mantenedor de queries únicamente a usuarios con ,OK,Medio,,2026-09-22,2026-09-22,1,2026-09-22,2026-09-29,1,6
516,Información Inventario,4 Casos Información inventario - OK con OBS,II_8,II_8.1,El sistema permite aplicar filtros sobre la tabla de inventario mediante distint,OK,Medio,,2026-09-22,2026-09-22,1,2026-09-22,2026-09-29,1,5
521,Información Inventario,4 Casos Información inventario - OK con OBS,II_9,II_9.1,El usuario puede acceder a la opción de descarga desde el menú de acciones del r,OK,Alto,,2026-09-22,2026-09-24,3,2026-09-22,2026-09-29,1,2
493,Información Inventario,4 Casos Información inventario - OK con OBS,II_1,II_1.2,"Por defecto, el sistema carga la pestaña Resumen como pestaña activa, mostrando ",OK,Alta,,2026-09-23,2026-09-24,2,2026-09-22,2026-09-29,2,4
524,Información Inventario,4 Casos Información inventario - OK con OBS,II_10,II_10.2,La nota mostrada corresponde exclusivamente a la nota final del informe de valid,OK,Medio,10.2,2026-09-23,2026-09-24,2,2026-09-22,2026-09-29,2,4
532,Información Inventario,4 Casos Información inventario - OK con OBS,II_13,II_13.2,"Al hacer clic en un indicador de validación, el sistema abre correctamente una v",OK,Medio,II_13.2,2026-09-23,2026-09-24,2,2026-09-22,2026-09-29,2,4
539,Información Inventario,4 Casos Información inventario - OK con OBS,II_16,II_16.2,El administrador puede crear o modificar colores asociados a una clasificación E,N/A,Bajo,,2026-09-23,2026-09-23,1,2026-09-22,2026-09-29,2,6
499,Información Inventario,4 Casos Información inventario - OK con OBS,II_3,II_3.2,El administrador puede modificar la query de generación de la tabla de inventari,N/A,Medio,,2026-09-23,2026-09-24,2,2026-09-22,2026-09-29,2,4
503,Información Inventario,4 Casos Información inventario - OK con OBS,II_4,II_4.2,El sistema identifica el perfil del usuario y aplica automáticamente los filtros,N/A,Alta,,2026-09-23,2026-09-23,1,2026-09-22,2026-09-29,2,5
511,Información Inventario,4 Casos Información inventario - OK con OBS,II_7,II_7.2,"El administrador puede crear, editar, duplicar, activar o desactivar queries med",OK,Medio,,2026-09-23,2026-09-23,1,2026-09-22,2026-09-29,2,6
517,Información Inventario,4 Casos Información inventario - OK con OBS,II_8,II_8.2,"El usuario puede combinar múltiples filtros simultáneamente, y el sistema actual",OK,Medio,,2026-09-23,2026-09-23,1,2026-09-22,2026-09-29,2,5
529,Información Inventario,4 Casos Información inventario - OK con OBS,II_12,II_12.2,Los colores aplicados a cada clasificación son consistentes en todas las vistas ,OK,Bajo,,2026-09-24,2026-09-25,2,2026-09-22,2026-09-29,2,3
540,Información Inventario,4 Casos Información inventario - OK con OBS,II_16,II_16.3,El sistema valida que el código de color ingresado tenga formato HEX válido; en ,N/A,Bajo,,2026-09-24,2026-09-24,1,2026-09-22,2026-09-29,3,6
504,Información Inventario,4 Casos Información inventario - OK con OBS,II_4,II_4.3,La tabla muestra las columnas definidas en la query configurada (por ejemplo Cód,OK,Alta,,2026-09-24,2026-09-25,2,2026-09-22,2026-09-29,3,5
512,Información Inventario,4 Casos Información inventario - OK con OBS,II_7,II_7.3,"El sistema valida la query ingresada, asegurando que sea sintácticamente correct",OK,Medio,,2026-09-24,2026-09-24,1,2026-09-22,2026-09-29,3,6
518,Información Inventario,4 Casos Información inventario - OK con OBS,II_8,II_8.3,"Al aplicar filtros, el sistema muestra la alerta: ""X resultados encontrados para",OK,Medio,II_8.3,2026-09-24,2026-09-25,2,2026-09-22,2026-09-29,3,5
494,Información Inventario,4 Casos Información inventario - OK con OBS,II_1,II_1.3,"Al hacer clic en cada pestaña (Resumen o Inventario), el sistema cambia correcta",OK,Alta,,2026-09-25,2026-09-26,2,2026-09-22,2026-09-29,3,4
525,Información Inventario,4 Casos Información inventario - OK con OBS,II_10,II_10.3,"Si no existe una nota final de validación para el modelo, el sistema muestra un ",OK,Medio,,2026-09-25,2026-09-26,2,2026-09-22,2026-09-29,3,4
533,Información Inventario,4 Casos Información inventario - OK con OBS,II_13,II_13.3,"La ventana de detalle muestra la información definida: ID del informe, número de",OK,Medio,,2026-09-25,2026-09-26,2,2026-09-22,2026-09-29,3,4
536,Información Inventario,4 Casos Información inventario - OK con OBS,II_14,II_14.2,Se elimina el campo nota de incertidumbre ni referencias asociadas en ninguna vi,OK,Alto,,2026-09-25,2026-09-28,4,2026-09-22,2026-09-29,2,2
541,Información Inventario,4 Casos Información inventario - OK con OBS,II_16,II_16.4,El sistema valida que no existan duplicados activos por clasificación ERM y que ,N/A,Bajo,,2026-09-25,2026-09-25,1,2026-09-22,2026-09-29,4,6
545,Información Inventario,4 Casos Información inventario - OK con OBS,II_17,II_17.4,"Si el modelo no tiene una nota final calculada, el sistema muestra la alerta: ""M",OK,Medio,,2026-09-25,2026-09-28,4,2026-09-22,2026-09-29,2,2
497,Información Inventario,4 Casos Información inventario - OK con OBS,II_2,II_2.2,"El usuario interactúa con las mejoras en la visualización de la pestaña Resumen,",N/A,Alta,,2026-09-25,2026-09-28,4,2026-09-22,2026-09-29,2,2
500,Información Inventario,4 Casos Información inventario - OK con OBS,II_3,II_3.3,"El sistema valida la query ingresada, asegurando que tenga sintaxis correcta, qu",N/A,Medio,,2026-09-25,2026-09-26,2,2026-09-22,2026-09-29,3,4
508,Información Inventario,4 Casos Información inventario - OK con OBS,II_5,II_5.2,"El formato de la tabla se aplica correctamente al exportar o imprimir, mantenien",OK,Bajo,,2026-09-25,2026-09-28,4,2026-09-22,2026-09-29,2,2
513,Información Inventario,4 Casos Información inventario - OK con OBS,II_7,II_7.4,"Al guardar una query correctamente, el sistema muestra la alerta: ""Query guardad",OK,Medio,,2026-09-25,2026-09-25,1,2026-09-22,2026-09-29,4,6
522,Información Inventario,4 Casos Información inventario - OK con OBS,II_9,II_9.2,"Al ejecutar la descarga, el sistema genera el archivo utilizando los datos actua",OK,Alto,,2026-09-25,2026-09-28,4,2026-09-22,2026-09-29,2,2
530,Información Inventario,4 Casos Información inventario - OK con OBS,II_12,II_12.3,"En caso de que una clasificación no tenga un color configurado, el sistema aplic",OK,Bajo,,2026-09-26,2026-09-28,3,2026-09-22,2026-09-29,3,3
542,Información Inventario,4 Casos Información inventario - OK con OBS,II_16,II_16.5,"Al guardar cambios, el sistema solicita confirmación mediante la alerta: ""¿Está ",N/A,Bajo,,2026-09-26,2026-09-26,1,2026-09-22,2026-09-29,5,6
505,Información Inventario,4 Casos Información inventario - OK con OBS,II_4,II_4.4,El usuario puede interactuar con la tabla mediante funcionalidades del reporte i,OK,Alta,,2026-09-26,2026-09-26,1,2026-09-22,2026-09-29,4,5
514,Información Inventario,4 Casos Información inventario - OK con OBS,II_7,II_7.5,El sistema valida reglas de negocio sobre las queries: no permite eliminar una q,N/A,Medio,,2026-09-26,2026-09-26,1,2026-09-22,2026-09-29,5,6
519,Información Inventario,4 Casos Información inventario - OK con OBS,II_8,II_8.4,El usuario puede guardar la configuración de filtros como una vista personalizad,OK,Medio,,2026-09-26,2026-09-26,1,2026-09-22,2026-09-29,4,5
495,Información Inventario,4 Casos Información inventario - OK con OBS,II_1,II_1.4,El sistema valida los permisos de acceso por tab: la pestaña Resumen está dispon,OK,Alta,,2026-09-27,2026-09-28,2,2026-09-22,2026-09-29,4,4
526,Información Inventario,4 Casos Información inventario - OK con OBS,II_10,II_10.4,"El usuario puede interactuar con el componente de la nota (cuando aplique), acce",OK,Medio,,2026-09-27,2026-09-28,2,2026-09-22,2026-09-29,4,4
534,Información Inventario,4 Casos Información inventario - OK con OBS,II_13,II_13.4,"En caso de existir observaciones invalidantes, el sistema muestra la alerta: ""Ex",N/A,Medio,,2026-09-27,2026-09-28,2,2026-09-22,2026-09-29,4,4
543,Información Inventario,4 Casos Información inventario - OK con OBS,II_16,II_16.6,Los cambios realizados en el mantenedor se reflejan automáticamente en todas las,N/A,Bajo,,2026-09-27,2026-09-28,2,2026-09-22,2026-09-29,6,6
501,Información Inventario,4 Casos Información inventario - OK con OBS,II_3,II_3.4,"Una vez guardada la configuración, el sistema actualiza la tabla de inventario e",N/A,Medio,,2026-09-27,2026-09-28,2,2026-09-22,2026-09-29,4,4
506,Información Inventario,4 Casos Información inventario - OK con OBS,II_4,II_4.5,"Si no existen datos disponibles para el perfil del usuario, el sistema muestra u",N/A,Alta,,2026-09-27,2026-09-28,2,2026-09-22,2026-09-29,5,5
515,Información Inventario,4 Casos Información inventario - OK con OBS,II_7,II_7.6,"Al eliminar una query, el sistema solicita confirmación mediante la alerta: ""¿Es",OK,Medio,,2026-09-27,2026-09-28,2,2026-09-22,2026-09-29,6,6
520,Información Inventario,4 Casos Información inventario - OK con OBS,II_8,II_8.5,"Si los filtros aplicados no arrojan resultados, el sistema muestra un mensaje in",OK,Medio,,2026-09-27,2026-09-28,2,2026-09-22,2026-09-29,5,5
322,Gobierno,1 Caso Gobierno OK con OBS,G_1,G_1.1,"Dentro del menú principal de la aplicación GRM, se visualiza la opción ""Informac",OK,Alta,,2026-09-11,2026-09-16,6,2026-09-11,2026-09-23,1,2
359,Gobierno,1 Caso Gobierno OK con OBS,G_10,G_10.1,"Posterior a la aceptación de un acta, el sistema ejecuta automáticamente el proc",OK,Media,,2026-09-11,2026-09-12,2,2026-09-11,2026-09-23,1,5
364,Gobierno,1 Caso Gobierno OK con OBS,G_11_RI_48,G_11_RI_48.1,"Desde el módulo Registro de Información, al seleccionar el botón ""Ingresar Infor",OK,Alta,,2026-09-11,2026-09-16,6,2026-09-11,2026-09-23,1,2
366,Gobierno,1 Caso Gobierno OK con OBS,G_12_ RI_49,G_12_ RI_49.1,Al navegar al módulo Registrar Información y presionar el globo de Gobierno en e,OK,Alta,,2026-09-11,2026-09-14,4,2026-09-11,2026-09-23,1,3
369,Gobierno,1 Caso Gobierno OK con OBS,G_13,G_13.1,"Cuando el modelo tiene registros asociados a comité, el sistema actualiza la vis",OK,Alta,,2026-09-11,2026-09-22,12,2026-09-11,2026-09-23,1,1
324,Gobierno,1 Caso Gobierno OK con OBS,G_2,G_2.1,El sistema muestra la pantalla de búsqueda de comités con los campos:,OK,Media,,2026-09-11,2026-09-12,2,2026-09-11,2026-09-23,1,5
329,Gobierno,1 Caso Gobierno OK con OBS,G_3,G_3.1,El usuario puede seleccionar uno o múltiples modelos mediante el componente de s,OK,Media,,2026-09-11,2026-09-14,4,2026-09-11,2026-09-23,1,3
332,Gobierno,1 Caso Gobierno OK con OBS,G_4,G_4.1,"Al presionar el botón “Enviar a Revisión”, el sistema valida que el acta cumpla ",N/A,Media,,2026-09-11,2026-09-12,2,2026-09-11,2026-09-23,1,6
338,Gobierno,1 Caso Gobierno OK con OBS,G_5,G_5.1,"El botón ""Reparar"" es visible únicamente para usuarios con rol GRM_REVISOR. Usua",N/A,Media,,2026-09-11,2026-09-13,3,2026-09-11,2026-09-23,1,4
342,Gobierno,1 Caso Gobierno OK con OBS,G_6,G_6.1,"Al seleccionar una instancia de comité y una fecha con registros existentes, el ",OK,Media,,2026-09-11,2026-09-13,3,2026-09-11,2026-09-23,1,4
346,Gobierno,1 Caso Gobierno OK con OBS,G_7,G_7.1,"Al presionar el botón Acta, el sistema abre la funcionalidad transversal de carg",OK,Media,,2026-09-11,2026-09-12,2,2026-09-11,2026-09-23,1,5
351,Gobierno,1 Caso Gobierno OK con OBS,G_8,G_8.1,El sistema permite la edición de los datos del acta únicamente a usuarios con ro,OK,Baja,,2026-09-11,2026-09-13,3,2026-09-11,2026-09-23,1,4
355,Gobierno,1 Caso Gobierno OK con OBS,G_9,G_9.1,El sistema permite ejecutar la acción de aceptar el acta solo a usuarios con rol,N/A,Media,,2026-09-11,2026-09-13,3,2026-09-11,2026-09-23,1,4
360,Gobierno,1 Caso Gobierno OK con OBS,G_10,G_10.2,"Para los modelos actualizados correctamente, el sistema muestra en el ciclo de v",OK,Media,,2026-09-13,2026-09-14,2,2026-09-11,2026-09-23,2,5
325,Gobierno,1 Caso Gobierno OK con OBS,G_2,G_2.2,"Al seleccionar una Instancia y una Fecha válida y ejecutar la búsqueda, el siste",OK,Media,,2026-09-13,2026-09-14,2,2026-09-11,2026-09-23,2,5
333,Gobierno,1 Caso Gobierno OK con OBS,G_4,G_4.2,"Si el acta se encuentra en estado distinto de ""Borrador"" o ""En Corrección"", el s",N/A,Media,,2026-09-13,2026-09-14,2,2026-09-11,2026-09-23,2,6
347,Gobierno,1 Caso Gobierno OK con OBS,G_7,G_7.2,El sistema permite definir los permisos de visualización del documento seleccion,N/A,Media,,2026-09-13,2026-09-14,2,2026-09-11,2026-09-23,2,5
339,Gobierno,1 Caso Gobierno OK con OBS,G_5,G_5.2,"Al presionar el botón ""Reparar"", el sistema despliega un modal que contiene los ",N/A,Media,,2026-09-14,2026-09-16,3,2026-09-11,2026-09-23,2,4
343,Gobierno,1 Caso Gobierno OK con OBS,G_6,G_6.2,El sistema permite la edición de los datos precargados según el rol del usuario:,OK,Media,,2026-09-14,2026-09-16,3,2026-09-11,2026-09-23,2,4
352,Gobierno,1 Caso Gobierno OK con OBS,G_8,G_8.2,El sistema permite la edición solo cuando el acta se encuentra en un estado váli,N/A,Baja,,2026-09-14,2026-09-16,3,2026-09-11,2026-09-23,2,4
356,Gobierno,1 Caso Gobierno OK con OBS,G_9,G_9.2,"Al presionar el botón ""Aceptar"" con información válida, el sistema muestra la al",N/A,Media,,2026-09-14,2026-09-16,3,2026-09-11,2026-09-23,2,4
361,Gobierno,1 Caso Gobierno OK con OBS,G_10,G_10.3,El sistema valida condiciones para la actualización de modelos: existencia de re,N/A,Media,,2026-09-15,2026-09-17,3,2026-09-11,2026-09-23,3,5
367,Gobierno,1 Caso Gobierno OK con OBS,G_12_ RI_49,G_12_ RI_49.2,"El sistema despliega correctamente la información de los gobiernos asociados, in",OK,Alta,49.2,2026-09-15,2026-09-18,4,2026-09-11,2026-09-23,2,3
326,Gobierno,1 Caso Gobierno OK con OBS,G_2,G_2.3,"Si la búsqueda no retorna resultados, el sistema muestra la alerta: ""No existen ",OK,Media,,2026-09-15,2026-09-17,3,2026-09-11,2026-09-23,3,5
330,Gobierno,1 Caso Gobierno OK con OBS,G_3,G_3.2,El campo Excepción de Lineamiento carga valores desde el mantenedor correspondie,OK,Media,,2026-09-15,2026-09-18,4,2026-09-11,2026-09-23,2,3
334,Gobierno,1 Caso Gobierno OK con OBS,G_4,G_4.3,"Al presionar el botón “Enviar a Revisión” con el acta válida, el sistema muestra",N/A,Media,,2026-09-15,2026-09-16,2,2026-09-11,2026-09-23,3,6
348,Gobierno,1 Caso Gobierno OK con OBS,G_7,G_7.3,"El sistema valida la carga del documento considerando formatos permitidos (PDF, ",OK,Media,,2026-09-15,2026-09-17,3,2026-09-11,2026-09-23,3,5
323,Gobierno,1 Caso Gobierno OK con OBS,G_1,G_1.2,"El usuario autorizado, una vez dentro del módulo, visualiza 3 secciones de infor",OK,Alta,,2026-09-17,2026-09-22,6,2026-09-11,2026-09-23,2,2
365,Gobierno,1 Caso Gobierno OK con OBS,G_11_RI_48,G_11_RI_48.2,"Una vez redirigido a la nueva funcionalidad de Gobierno, el usuario puede intera",OK,Alta,,2026-09-17,2026-09-22,6,2026-09-11,2026-09-23,2,2
335,Gobierno,1 Caso Gobierno OK con OBS,G_4,G_4.4,"Al confirmar el envío, el sistema realiza las siguientes acciones: cambia el est",N/A,Media,,2026-09-17,2026-09-18,2,2026-09-11,2026-09-23,4,6
340,Gobierno,1 Caso Gobierno OK con OBS,G_5,G_5.4,"Al completar el formulario y confirmar la acción, el sistema muestra la alerta: ",N/A,Media,,2026-09-17,2026-09-19,3,2026-09-11,2026-09-23,3,4
344,Gobierno,1 Caso Gobierno OK con OBS,G_6,G_6.3,Si el registro se encuentra en estado no editable (por ejemplo en revisión o equ,OK,Media,,2026-09-17,2026-09-19,3,2026-09-11,2026-09-23,3,4
353,Gobierno,1 Caso Gobierno OK con OBS,G_8,G_8.3,"El revisor puede gestionar modelos asociados, incluyendo la opción de agregar o ",OK,Baja,,2026-09-17,2026-09-19,3,2026-09-11,2026-09-23,3,4
357,Gobierno,1 Caso Gobierno OK con OBS,G_9,G_9.3,"Al confirmar la acción, el sistema ejecuta el proceso de aceptación de forma tra",N/A,Media,,2026-09-17,2026-09-19,3,2026-09-11,2026-09-23,3,4
362,Gobierno,1 Caso Gobierno OK con OBS,G_10,G_10.4,"Si la etapa de Gobierno no se encuentra activada en el sistema, el sistema no re",OK,Media,,2026-09-18,2026-09-19,2,2026-09-11,2026-09-23,4,5
327,Gobierno,1 Caso Gobierno OK con OBS,G_2,G_2.4,El botón Acta permanece deshabilitado mientras no exista un comité asociado a la,OK,Media,,2026-09-18,2026-09-19,2,2026-09-11,2026-09-23,4,5
349,Gobierno,1 Caso Gobierno OK con OBS,G_7,G_7.4,"Si el documento ya existe para el acta, el sistema solicita confirmación mediant",OK,Media,,2026-09-18,2026-09-19,2,2026-09-11,2026-09-23,4,5
368,Gobierno,1 Caso Gobierno OK con OBS,G_12_ RI_49,G_12_ RI_49.3,El usuario puede consultar el detalle de cada gobierno y acceder al acta corresp,OK,Alta,,2026-09-19,2026-09-22,4,2026-09-11,2026-09-23,3,3
331,Gobierno,1 Caso Gobierno OK con OBS,G_3,G_3.3,"Al presionar “Enviar a Revisión” con información válida, el sistema muestra la a",N/A,Media,,2026-09-19,2026-09-22,4,2026-09-11,2026-09-23,3,3
336,Gobierno,1 Caso Gobierno OK con OBS,G_4,G_4.5,La notificación generada debe estar disponible en el sistema (campanita APEX) y ,N/A,Media,,2026-09-19,2026-09-20,2,2026-09-11,2026-09-23,5,6
363,Gobierno,1 Caso Gobierno OK con OBS,G_10,G_10.5,"Finalizado el proceso de actualización, el sistema informa el resultado mediante",OK,Media,,2026-09-20,2026-09-22,3,2026-09-11,2026-09-23,5,5
328,Gobierno,1 Caso Gobierno OK con OBS,G_2,G_2.5,"Una vez que existe un comité (resultado de búsqueda o creación), el botón Acta s",N/A,Media,,2026-09-20,2026-09-22,3,2026-09-11,2026-09-23,5,5
341,Gobierno,1 Caso Gobierno OK con OBS,G_5,G_5.5,"Al confirmar la acción de reparación, el sistema inserta el registro de correcci",N/A,Media,,2026-09-20,2026-09-22,3,2026-09-11,2026-09-23,4,4
345,Gobierno,1 Caso Gobierno OK con OBS,G_6,G_6.4,El sistema permite gestionar los modelos asociados: agregar nuevos modelos valid,OK,Media,,2026-09-20,2026-09-22,3,2026-09-11,2026-09-23,4,4
350,Gobierno,1 Caso Gobierno OK con OBS,G_7,G_7.5,"Al cargar correctamente el documento con los permisos configurados, el sistema g",N/A,Media,7.5,2026-09-20,2026-09-22,3,2026-09-11,2026-09-23,5,5
354,Gobierno,1 Caso Gobierno OK con OBS,G_8,G_8.4,El sistema permite la eliminación de registros o modelos asociados. Antes de eli,N/A,Baja,8.4,2026-09-20,2026-09-22,3,2026-09-11,2026-09-23,4,4
358,Gobierno,1 Caso Gobierno OK con OBS,G_9,G_9.4,"Durante el proceso de aceptación, el sistema informa al usuario la cantidad de m",N/A,Media,,2026-09-20,2026-09-22,3,2026-09-11,2026-09-23,4,4
337,Gobierno,1 Caso Gobierno OK con OBS,G_4,G_4.6,"En el caso de que no existan modelos asociados al acta, el sistema muestra una a",N/A,Media,,2026-09-21,2026-09-22,2,2026-09-11,2026-09-23,6,6
454,Incidencias,Atenciones de Incidencias PAP,IN_1,IN_1.1,"Al acceder al sistema, se presenta el Módulo de Incidencias en el menú de opcion",OK,ALTA,,2026-09-04,2026-09-09,6,2026-09-04,2026-09-10,1,1
486,Incidencias,Atenciones de Incidencias PAP,IN_10,IN_10.1,"Un administrador, al hacer clic en el botón ""Eliminar"" de una incidencia, se mue",OK,MEDIO,,2026-09-04,2026-09-04,1,2026-09-04,2026-09-10,1,6
455,Incidencias,Atenciones de Incidencias PAP,IN_2,IN_2.1,Desestimada,N/A,MEDIA,,2026-09-04,2026-09-09,6,2026-09-04,2026-09-10,1,1
456,Incidencias,Atenciones de Incidencias PAP,IN_3,IN_3.1,"La nueva tabla T_OBS_INC, debe generarse (para posterior descarga), por parte de",OK,MEDIA,,2026-09-04,2026-09-04,1,2026-09-04,2026-09-10,1,4
460,Incidencias,Atenciones de Incidencias PAP,IN_4,IN_4.1,"Al ingresar a la opción de ""Incidencias del Modelo"", el usuario presiona el botó",OK,MEDIA,,2026-09-04,2026-09-04,1,2026-09-04,2026-09-10,1,5
465,Incidencias,Atenciones de Incidencias PAP,IN_5,IN_5.1,El sistema identifica diariamente todas las incidencias a cinco días del vencimi,OK,BAJA,,2026-09-04,2026-09-04,1,2026-09-04,2026-09-10,1,4
469,Incidencias,Atenciones de Incidencias PAP,IN_6,IN_6.1,Desestimada,N/A,MEDIA,,2026-09-04,2026-09-04,1,2026-09-04,2026-09-10,1,8
470,Incidencias,Atenciones de Incidencias PAP,IN_6,IN_7.1,"Al ingresar al formulario de incidencias, debe ser posible ver los siguientes ca",NOK,ALTO,IN_7.1,2026-09-04,2026-09-04,1,2026-09-04,2026-09-10,2,8
477,Incidencias,Atenciones de Incidencias PAP,IN_8,IN_8.1,"Al acceder al mantendor de estados, se muestra la lista de estados existentes co",OK,ALTO,,2026-09-04,2026-09-04,1,2026-09-04,2026-09-10,1,6
483,Incidencias,Atenciones de Incidencias PAP,IN_9,IN_9.1,"El mantenedor debe permitir Agregar, Modificar y Eliminar lógicamente los Tipos ",OK,ALTO,,2026-09-04,2026-09-05,2,2026-09-04,2026-09-10,1,3
487,Incidencias,Atenciones de Incidencias PAP,IN_10,IN_10.2,El motivo de eliminación debe tener un mínimo de 10 caracteres. Si el motivo es ,OK,MEDIO,,2026-09-05,2026-09-05,1,2026-09-04,2026-09-10,2,6
457,Incidencias,Atenciones de Incidencias PAP,IN_3,IN_3.2,"La nueva tabla T_OBS_INC, debe estar disponible para descarga, por parte del adm",OK,MEDIA,,2026-09-05,2026-09-06,2,2026-09-04,2026-09-10,2,4
461,Incidencias,Atenciones de Incidencias PAP,IN_4,IN_4.2,"Para cargar masivamente las incidencias al sistema, el usuario presiona el botón",OK,MEDIA,,2026-09-05,2026-09-05,1,2026-09-04,2026-09-10,2,5
466,Incidencias,Atenciones de Incidencias PAP,IN_5,IN_5.2,La hora y periodicidad del informe puede ser modificado desde el Mantendor de Co,N/A,BAJA,,2026-09-05,2026-09-06,2,2026-09-04,2026-09-10,2,4
471,Incidencias,Atenciones de Incidencias PAP,IN_6,IN_7.2,El usuario puede ingresar y editar datos de la incidencia. Sólo el administrador,OK,ALTO,,2026-09-05,2026-09-05,1,2026-09-04,2026-09-10,3,8
478,Incidencias,Atenciones de Incidencias PAP,IN_8,IN_8.2,"El administrador puede Crear un nuevo estado, Editar un estado existente o Desac",OK,ALTO,,2026-09-05,2026-09-05,1,2026-09-04,2026-09-10,2,6
488,Incidencias,Atenciones de Incidencias PAP,IN_10,IN_10.3,"Al confirmar la eliminación, se registra la eliminación en la tabla de auditoría",OK,MEDIO,,2026-09-06,2026-09-06,1,2026-09-04,2026-09-10,3,6
462,Incidencias,Atenciones de Incidencias PAP,IN_4,IN_4.3,"Al cargar la planilla excel, el sistema realiza validaciones para todas las fila",OK,MEDIA,,2026-09-06,2026-09-06,1,2026-09-04,2026-09-10,3,5
472,Incidencias,Atenciones de Incidencias PAP,IN_6,IN_7.3,"Si la incidencias fue enviada, se bloquea la posibilidad de editar los datos",OK,ALTO,,2026-09-06,2026-09-06,1,2026-09-04,2026-09-10,4,8
479,Incidencias,Atenciones de Incidencias PAP,IN_8,IN_8.3,"Al intentar crear un estado duplicado, se muestra error de validación.",OK,ALTO,,2026-09-06,2026-09-06,1,2026-09-04,2026-09-10,3,6
484,Incidencias,Atenciones de Incidencias PAP,IN_9,IN_9.2,El mantenedor debe validar los campos de la siguiente forma:,N/A,ALTO,,2026-09-06,2026-09-07,2,2026-09-04,2026-09-10,2,3
489,Incidencias,Atenciones de Incidencias PAP,IN_10,IN_10.4,"Al eliminar una incidencia, se actualiza la grilla de incidencias",OK,MEDIO,,2026-09-07,2026-09-07,1,2026-09-04,2026-09-10,4,6
458,Incidencias,Atenciones de Incidencias PAP,IN_3,IN_3.3,Las alertas que muestra el sistema son:,OK,MEDIA,,2026-09-07,2026-09-07,1,2026-09-04,2026-09-10,3,4
463,Incidencias,Atenciones de Incidencias PAP,IN_4,IN_4.4,Las alertas que muestra el sistema son:,OK,MEDIA,,2026-09-07,2026-09-07,1,2026-09-04,2026-09-10,4,5
467,Incidencias,Atenciones de Incidencias PAP,IN_5,IN_5.3,"El mail enviado, se compone de la siguiente forma:",OK,BAJA,IN_5.3,2026-09-07,2026-09-07,1,2026-09-04,2026-09-10,3,4
473,Incidencias,Atenciones de Incidencias PAP,IN_6,IN_7.4,"Al intentar editar una incidencia enviada, el sistema muestra mensaje de restric",N/A,ALTO,,2026-09-07,2026-09-07,1,2026-09-04,2026-09-10,5,8
474,Incidencias,Atenciones de Incidencias PAP,IN_6,IN_7.5,"Al adjuntar un archivo que supere el tamaño máximo (no especificado), se muestra",OK,ALTO,,2026-09-07,2026-09-07,1,2026-09-04,2026-09-10,6,8
480,Incidencias,Atenciones de Incidencias PAP,IN_8,IN_8.4,"Al intentar desactivar un estado que se encuentra en uso, el sistema muestra una",N/A,ALTO,,2026-09-07,2026-09-07,1,2026-09-04,2026-09-10,4,6
490,Incidencias,Atenciones de Incidencias PAP,IN_10,IN_10.5,"Si la incidencia tiene dependencias (o está referenciada por otro procesos), se ",OK,MEDIO,,2026-09-08,2026-09-08,1,2026-09-04,2026-09-10,5,6
459,Incidencias,Atenciones de Incidencias PAP,IN_3,IN_3.4,"Los campos y tipos de dato que debe incluir la nueva tabla T_OBS_INC, son:",OK,MEDIA,,2026-09-08,2026-09-09,2,2026-09-04,2026-09-10,4,4
464,Incidencias,Atenciones de Incidencias PAP,IN_4,IN_4.5,"Los datos válidos del resumen de carga, se reflejan en la descarga de la vista T",OK,MEDIA,,2026-09-08,2026-09-09,2,2026-09-04,2026-09-10,5,5
468,Incidencias,Atenciones de Incidencias PAP,IN_5,IN_5.4,El sistema almacena el un log todos los envíos realizados y excepciones si las h,OK,BAJA,,2026-09-08,2026-09-09,2,2026-09-04,2026-09-10,4,4
475,Incidencias,Atenciones de Incidencias PAP,IN_6,IN_7.6,Las alertas que muestra el sistema son:,N/A,ALTO,,2026-09-08,2026-09-08,1,2026-09-04,2026-09-10,7,8
481,Incidencias,Atenciones de Incidencias PAP,IN_8,IN_8.5,"El campo ""descripción"" es obligatorio",N/A,ALTO,,2026-09-08,2026-09-08,1,2026-09-04,2026-09-10,5,6
485,Incidencias,Atenciones de Incidencias PAP,IN_9,IN_9.3,Las alertas que muestra el sistema son:,OK,ALTO,IN_9.3,2026-09-08,2026-09-09,2,2026-09-04,2026-09-10,3,3
491,Incidencias,Atenciones de Incidencias PAP,IN_10,IN_10.6,Las alertas que muestra el sistema son:,OK,MEDIO,,2026-09-09,2026-09-09,1,2026-09-04,2026-09-10,6,6
476,Incidencias,Atenciones de Incidencias PAP,IN_6,IN_7.7,"Al guardar/enviar una incidencia, se actualiza la grilla de incidencias con la n",OK,ALTO,,2026-09-09,2026-09-09,1,2026-09-04,2026-09-10,8,8
482,Incidencias,Atenciones de Incidencias PAP,IN_8,IN_8.6,Las alertas que muestra el sistema son:,OK,ALTO,,2026-09-09,2026-09-09,1,2026-09-04,2026-09-10,6,6
422,Documentación,Documentación Actualización,D_1,D_1.1,"Al acceder a la carga de documentos desde un módulo del sistema, el sistema iden",OK CON OBS.,Media,,2026-11-25,2026-11-27,3,2026-11-25,2026-12-04,1,3
425,Documentación,Documentación Actualización,D_2,D_2.1,"Una vez cargado un documento, el sistema permite acceder a la sección de Modelos",OK,Media,,2026-11-25,2026-11-25,1,2026-11-25,2026-12-04,1,5
430,Documentación,Documentación Actualización,D_3,D_3.1,"Al cargar o actualizar un documento, el sistema calcula automáticamente la sigui",OK,Media,BAJA,2026-11-25,2026-11-25,1,2026-11-25,2026-12-04,1,5
435,Documentación,Documentación Actualización,D_4,D_4.1,"Al cargar un documento, el sistema obtiene la fecha y hora actual y genera autom",OK,Media,,2026-11-25,2026-11-25,1,2026-11-25,2026-12-04,1,6
441,Documentación,Documentación Actualización,D_5,D_5.1,"Al acceder al módulo de documentación centralizado, el sistema muestra una lista",OK,Media,ALTA,2026-11-25,2026-11-26,2,2026-11-25,2026-12-04,1,4
445,Documentación,Documentación Actualización,D_6,D_6.1,"Al acceder al módulo de documentación, los usuarios con rol Revisor o Administra",OK,Media,,2026-11-25,2026-11-26,2,2026-11-25,2026-12-04,1,4
449,Documentación,Documentación Actualización,D_7,D_7_1,El sistema registra automáticamente en la auditoría cada acción realizada sobre ,OK,Alta,ALTA,2026-11-25,2026-11-25,1,2026-11-25,2026-12-04,1,5
426,Documentación,Documentación Actualización,D_2,D_2.2,El usuario puede seleccionar uno o más modelos adicionales mediante el component,OK,Media,ALTA,2026-11-26,2026-11-27,2,2026-11-25,2026-12-04,2,5
431,Documentación,Documentación Actualización,D_3,D_3.2,El campo versión del documento se muestra con el valor generado automáticamente ,OK,Media,,2026-11-26,2026-11-27,2,2026-11-25,2026-12-04,2,5
436,Documentación,Documentación Actualización,D_4,D_4.2,El nombre generado sigue el formato definido: [FECHA][HORA][VERSIÓN]_[NOMBRE_ORI,OK,Media,,2026-11-26,2026-11-27,2,2026-11-25,2026-12-04,2,6
450,Documentación,Documentación Actualización,D_7,D_7_2,"Para acciones de modificación o eliminación, el sistema registra correctamente l",OK,Alta,ALTA,2026-11-26,2026-11-27,2,2026-11-25,2026-12-04,2,5
442,Documentación,Documentación Actualización,D_5,D_5.2,"Cada documento mostrable incluye su trazabilidad de origen, indicando módulo, mo",OK,Media,ALTA,2026-11-27,2026-11-28,2,2026-11-25,2026-12-04,2,4
446,Documentación,Documentación Actualización,D_6,D_6.2,El usuario puede acceder al detalle de cualquier documento y visualizar su infor,OK,Media,,2026-11-27,2026-11-28,2,2026-11-25,2026-12-04,2,4
423,Documentación,Documentación Actualización,D_1,D_1.2,"Los campos Modelo y Etapa se muestran como solo lectura (Read Only), impidiendo ",OK,Media,ALTA,2026-11-28,2026-11-30,3,2026-11-25,2026-12-04,2,3
427,Documentación,Documentación Actualización,D_2,D_2.3,El sistema valida que un documento no pueda asociarse más de una vez al mismo mo,OK,Media,,2026-11-28,2026-11-29,2,2026-11-25,2026-12-04,3,5
432,Documentación,Documentación Actualización,D_3,D_3.3,El sistema valida que la versión asignada no exista previamente para el document,OK,Media,BAJA,2026-11-28,2026-11-29,2,2026-11-25,2026-12-04,3,5
437,Documentación,Documentación Actualización,D_4,D_4.3,El sistema valida que el nombre generado sea válido y no contenga caracteres no ,OK,Media,,2026-11-28,2026-11-28,1,2026-11-25,2026-12-04,3,6
451,Documentación,Documentación Actualización,D_7,D_7_3,"El log de auditoría es consultable desde el documento o módulo correspondiente, ",OK,Alta,ALTA,2026-11-28,2026-11-29,2,2026-11-25,2026-12-04,3,5
438,Documentación,Documentación Actualización,D_4,D_4.4,"El sistema muestra la alerta informativa: ""El documento se guardará con el nombr",N/A,Media,,2026-11-29,2026-11-30,2,2026-11-25,2026-12-04,4,6
443,Documentación,Documentación Actualización,D_5,D_5.3,"El sistema permite aplicar filtros (módulo origen, modelo, etapa, tipo de docume",OK,Media,,2026-11-29,2026-11-30,2,2026-11-25,2026-12-04,3,4
447,Documentación,Documentación Actualización,D_6,D_6.3,"El usuario puede editar los metadatos de cualquier documento, y el sistema guard",OK,Media,,2026-11-29,2026-11-30,2,2026-11-25,2026-12-04,3,4
428,Documentación,Documentación Actualización,D_2,D_2.4,"El usuario puede eliminar modelos previamente asociados, y el sistema actualiza ",OK,Media,,2026-11-30,2026-12-01,2,2026-11-25,2026-12-04,4,5
433,Documentación,Documentación Actualización,D_3,D_3.4,El sistema almacena el documento con la versión asignada y genera el nombre del ,OK,Media,,2026-11-30,2026-12-01,2,2026-11-25,2026-12-04,4,5
452,Documentación,Documentación Actualización,D_7,D_7_4,Solo usuarios con rol GRM_ADMINISTRADOR pueden acceder al log de auditoría; cual,N/A,Alta,,2026-11-30,2026-12-01,2,2026-11-25,2026-12-04,4,5
424,Documentación,Documentación Actualización,D_1,D_1.3,"Al completar la carga, el documento queda automáticamente asociado al modelo y e",OK,Media,,2026-12-01,2026-12-03,3,2026-11-25,2026-12-04,3,3
439,Documentación,Documentación Actualización,D_4,D_4.5,"En caso de que el nombre generado sea demasiado largo, el sistema ajusta el nomb",N/A,Media,,2026-12-01,2026-12-01,1,2026-11-25,2026-12-04,5,6
444,Documentación,Documentación Actualización,D_5,D_5.4,"El usuario puede realizar acciones sobre los documentos (ver detalle, descargar,",OK,Media,ALTA,2026-12-01,2026-12-03,3,2026-11-25,2026-12-04,4,4
448,Documentación,Documentación Actualización,D_6,D_6.4,El usuario puede eliminar cualquier documento; el sistema solicita confirmación ,OK,Media,,2026-12-01,2026-12-03,3,2026-11-25,2026-12-04,4,4
429,Documentación,Documentación Actualización,D_2,D_2.5,"Al completar correctamente la asociación múltiple, el sistema muestra la alerta:",OK,Media,,2026-12-02,2026-12-03,2,2026-11-25,2026-12-04,5,5
434,Documentación,Documentación Actualización,D_3,D_3.5,"Ante una versión inválida (formato incorrecto o inconsistente), el sistema muest",N/A,Media,,2026-12-02,2026-12-03,2,2026-11-25,2026-12-04,5,5
440,Documentación,Documentación Actualización,D_4,D_4.6,"Si ocurre un error en la generación del formato del nombre, el sistema utiliza e",N/A,Media,,2026-12-02,2026-12-03,2,2026-11-25,2026-12-04,6,6
453,Documentación,Documentación Actualización,D_7,D_7_5,El sistema garantiza que los registros de auditoría no pueden ser modificados ni,N/A,Alta,,2026-12-02,2026-12-03,2,2026-11-25,2026-12-04,5,5
546,Filiales,3 Casos Filiales OK con OBS,F_1,F_1.1,"Al acceder al sistema, se visualiza el Módulo de ""Filiales"" en el menú de opcion",OK,Alto,,2026-09-11,2026-09-16,6,2026-09-11,2026-09-24,1,2
565,Filiales,3 Casos Filiales OK con OBS,F_10,F_10.1,"El Revisor ingresa al módulo para revisar todas las solicitudes en estado ""Ingre",OK,Medio,,2026-09-11,2026-09-16,6,2026-09-11,2026-09-24,1,2
567,Filiales,3 Casos Filiales OK con OBS,F_11,F_11.1,"El Revisor ingresa al módulo para revisar todas las solicitudes en estado ""Ingre",OK,Medio,,2026-09-11,2026-09-16,6,2026-09-11,2026-09-24,1,2
548,Filiales,3 Casos Filiales OK con OBS,F_2,F_2.1,"Los usuarios pueden acceder a consultar las Filiales cargadas, compuestas por la",OK,Medio,F_2.1,2026-09-11,2026-09-14,4,2026-09-11,2026-09-24,1,3
551,Filiales,3 Casos Filiales OK con OBS,F_3,F_3.1,El usuario puede descargar una planilla en excel con el formato requerido para l,OK,Medio,,2026-09-11,2026-09-14,4,2026-09-11,2026-09-24,1,3
554,Filiales,3 Casos Filiales OK con OBS,F_4,F_4.1,"Una vez realizada la carga de Filiales, el sistema muestra automáticamente la ta",OK,Medio,,2026-09-11,2026-09-16,6,2026-09-11,2026-09-24,1,2
556,Filiales,3 Casos Filiales OK con OBS,F_5,F_5.1,"Al acceder a la opción ""Nueva Carga"", el usuario puede seleccionar desde la list",OK,Medio,,2026-09-11,2026-09-14,4,2026-09-11,2026-09-24,1,3
559,Filiales,3 Casos Filiales OK con OBS,F_6,F_6.1,"Al acceder a la opción ""Nueva Carga"", el usuario puede visualizar 3 opciones par",OK,Medio,,2026-09-11,2026-09-23,13,2026-09-11,2026-09-24,1,1
560,Filiales,3 Casos Filiales OK con OBS,F_7,F_7,"El mantenedor debe permitir Agregar, Modificar y Eliminar lógicamente las instit",N/A,Medio,,2026-09-11,2026-09-23,13,2026-09-11,2026-09-24,1,1
561,Filiales,3 Casos Filiales OK con OBS,F_8,F_8.1,"El mantenedor debe permitir Agregar, Modificar y Eliminar lógicamente los perfil",N/A,Medio,,2026-09-11,2026-09-16,6,2026-09-11,2026-09-24,1,2
563,Filiales,3 Casos Filiales OK con OBS,F_9,F_9.1,El Usuario Externo completa la carga del archivo Excel y solicita la aprobación ,OK,Medio,,2026-09-11,2026-09-16,6,2026-09-11,2026-09-24,1,2
549,Filiales,3 Casos Filiales OK con OBS,F_2,F_2.2,"Además del listado de Filiales, el usuario puede acceder al detalle de inventari",OK,Medio,F_10.2,2026-09-15,2026-09-18,4,2026-09-11,2026-09-24,2,3
552,Filiales,3 Casos Filiales OK con OBS,F_3,F_3.2,"El usuario accede a la opción de Carga de Inventario por medio del botón ""Nueva ",OK,Medio,,2026-09-15,2026-09-18,4,2026-09-11,2026-09-24,2,3
557,Filiales,3 Casos Filiales OK con OBS,F_5,F_5.2,"Al seleccionar la institución, esta queda asociada a la carga de Filiales",OK,Medio,,2026-09-15,2026-09-18,4,2026-09-11,2026-09-24,2,3
547,Filiales,3 Casos Filiales OK con OBS,F_1,F_1.2,"El Módulo de ""Filiales"" sólo puede ser visible por los Perfiles:",OK,Alto,,2026-09-17,2026-09-23,7,2026-09-11,2026-09-24,2,2
566,Filiales,3 Casos Filiales OK con OBS,F_10,F_10.2,"Luego que se rechace la solicitud, el sistema genera una notificación al usuario",OK,Medio,F_10.2,2026-09-17,2026-09-23,7,2026-09-11,2026-09-24,2,2
568,Filiales,3 Casos Filiales OK con OBS,F_11,F_11.2,"Luego que se apruebe la solicitud, el sistema genera una notificación al usuario",OK,Medio,F_11.2,2026-09-17,2026-09-23,7,2026-09-11,2026-09-24,2,2
555,Filiales,3 Casos Filiales OK con OBS,F_4,F_4.2,El usuario puede exportar los datos cargados si lo requiere,OK,Medio,,2026-09-17,2026-09-23,7,2026-09-11,2026-09-24,2,2
562,Filiales,3 Casos Filiales OK con OBS,F_8,F_8.2,El mantenedor permite asociar perfiles a las distintas Instituciones para que só,N/A,Medio,,2026-09-17,2026-09-23,7,2026-09-11,2026-09-24,2,2
564,Filiales,3 Casos Filiales OK con OBS,F_9,F_9.2,"Luego que el Usuario Externo ""Confirme y Envíe a Revisión"", la solicitud queda e",OK,Medio,,2026-09-17,2026-09-23,7,2026-09-11,2026-09-24,2,2
550,Filiales,3 Casos Filiales OK con OBS,F_2,F_2.3,El usuario puede Filtrar y buscar la información deseada en las Filiales y su de,OK,Medio,F_11.2,2026-09-19,2026-09-23,5,2026-09-11,2026-09-24,3,3
553,Filiales,3 Casos Filiales OK con OBS,F_3,F_3.3,"El sistema valida la estructura y los datos del archivo, y carga las Filiales al",OK,Medio,,2026-09-19,2026-09-23,5,2026-09-11,2026-09-24,3,3
558,Filiales,3 Casos Filiales OK con OBS,F_5,F_5.3,El campo institución es obligatorio,OK,Medio,,2026-09-19,2026-09-23,5,2026-09-11,2026-09-24,3,3
